,0
0,sounds
1,very
2,official.
3,this
4,session
5,is
6,now
7,being
8,recorded
9,alright.
10,very
11,"official,"
12,very
13,official.
14,um
15,okay
16,so
17,we
18,are
19,working
20,on
21,some
22,research
23,with
24,consultants
25,as
26,well
27,as
28,um
29,in
30,house
31,sustainability
32,professionals
33,to
34,improve
35,our
36,products
37,and
38,um
39,i'm
40,a
41,senior
42,product
43,designer
44,here.
45,i
46,basically
47,have
48,been
49,talking
50,to
51,a
52,lot
53,of
54,different
55,people
56,and
57,well
58,you
59,know
60,it
61,helps
62,us
63,gain
64,information
65,to
66,make
67,our
68,products
69,better
70,so
71,there's
72,no
73,right
74,or
75,wrong
76,answers.
77,um
78,it's
79,you
80,"know,"
81,your
82,"experience,"
83,that's
84,a
85,valuable
86,thing
87,here
88,and
89,usually
90,we
91,we
92,take
93,about
94,45
95,minutes.
96,um
97,i
98,booked
99,for
100,an
101,hour
102,but
103,it
104,doesn't
105,have
106,to
107,be
108,45
109,you
110,"know,"
111,it's
112,whenever
113,we
114,have
115,like
116,a
117,good
118,conversation
119,around
120,then.
121,um
122,well
123,i'm
124,gonna
125,ask
126,you
127,questions
128,about
129,just
130,high
131,level
132,general
133,like
134,how
135,you
136,got
137,started
138,and
139,then
140,we
141,can
142,talk
143,about
144,more
145,specific
146,tasks
147,you
148,have
149,issues
150,with
151,that
152,you
153,would
154,love
155,like
156,software
157,solutions
158,for
159,but
160,"yeah,"
161,before
162,you
163,know
164,i
165,keep
166,going
167,um
168,it
169,would
170,be
171,great
172,to
173,hear
174,about
175,your
176,experience
177,and
178,and
179,how
180,you
181,got
182,into
183,carbon
184,accounting
185,and
186,sustainability.
187,sure.
188,so
189,my
190,name
191,is
192,name-extracted.
193,i'm
194,a
195,senior
196,associate
197,here
198,at
199,company-name-extracted.
200,we
201,are
202,a
203,full
204,service
205,e.s.g.
206,uh
207,consultancy
208,firm.
209,so
210,we
211,do
212,everything
213,from
214,the
215,more
216,qualitative
217,report
218,writing
219,gap
220,"analysis,"
221,materiality
222,assessments
223,all
224,the
225,way
226,to
227,the
228,more
229,technical
230,side
231,of
232,things
233,which
234,involves
235,mainly
236,carbon
237,accounting
238,which
239,is
240,what
241,i
242,do.
243,um
244,i
245,joined
246,company-name-extracted
247,after
248,previously
249,being
250,at
251,a
252,firm
253,that
254,specialized
255,in
256,um
257,third
258,party
259,assurance
260,and
261,verification.
262,so
263,primarily
264,over
265,carbon
266,greenhouse
267,gas
268,emissions
269,"data,"
270,but
271,we
272,also
273,touched
274,on
275,like
276,water
277,and
278,waste
279,and
280,dna
281,metrics
282,as
283,well.
284,um
285,but
286,that
287,really
288,allowed
289,me
290,to
291,get
292,a
293,a
294,lot
295,of
296,exposure
297,to
298,a
299,lot
300,of
301,different
302,industries
303,and
304,how
305,they
306,all
307,tackled
308,their
309,various
310,unique
311,issues
312,when
313,it
314,came
315,to
316,carbon
317,accounting.
318,prior
319,to
320,that.
321,um
322,my
323,master's
324,"degree,"
325,my
326,master's
327,degree
328,was
329,actually
330,from
331,colorado
332,state
333,in
334,greenhouse
335,"gas,"
336,so
337,very
338,specific
339,to
340,"the,"
341,to
342,the
343,work
344,that
345,i'm
346,doing
347,now.
348,so
349,i'm
350,"pretty,"
351,i'm
352,pretty
353,lucky
354,that
355,this
356,job
357,exists.
358,um
359,and
360,then
361,prior
362,to
363,"that,"
364,prior
365,to
366,that
367,i
368,my
369,undergraduate
370,degree
371,in
372,environmental
373,science
374,and
375,so
376,really
377,if
378,you
379,want
380,to
381,start
382,the
383,first
384,thing
385,"i,"
386,the
387,first
388,time
389,i
390,ever
391,really
392,uh
393,um
394,got
395,any
396,experience
397,with
398,carbon
399,accounting
400,at
401,all
402,was
403,doing
404,research
405,on
406,permafrost
407,carbon
408,in
409,alaska
410,and
411,how
412,that
413,is
414,affecting
415,the
416,carbon
417,cycle
418,and
419,how
420,permafrost
421,thaw
422,is
423,exposing
424,more
425,carbon
426,to
427,be
428,to
429,be
430,um
431,to
432,be
433,released.
434,so
435,kind
436,of
437,that
438,was
439,a
440,backwards
441,looking
442,way.
443,but
444,"yeah,"
445,started
446,from
447,an
448,environmental
449,science
450,perspective.
451,um
452,kind
453,of
454,moved
455,into
456,it.
457,um
458,looking
459,at
460,inventories
461,on
462,all
463,different
464,"levels,"
465,even
466,from
467,national
468,government
469,level
470,inventories
471,in
472,some
473,my
474,graduate
475,work
476,and
477,then
478,moving
479,towards
480,the
481,corporate
482,side
483,of
484,things.
485,um
486,after
487,i
488,graduated.
489,so
490,yeah
491,that's
492,my
493,background
494,um
495,we
496,do
497,inventories
498,for
499,companies
500,that
501,are
502,"either,"
503,they're
504,really
505,early
506,on
507,in
508,the
509,process
510,taking
511,their
512,first
513,steps.
514,they
515,maybe
516,they
517,don't
518,have
519,a
520,program
521,at
522,all
523,"yet,"
524,or
525,companies
526,that
527,have
528,been
529,doing
530,this
531,for
532,a
533,few
534,years
535,and
536,they
537,just
538,want
539,to
540,make
541,things
542,better.
543,they're
544,ready
545,to
546,expand
547,to
548,scope
549,"three,"
550,they're
551,ready
552,to
553,set
554,targets.
555,um
556,that
557,kind
558,of
559,thing
560,is
561,that
562,um
563,does
564,that
565,tend
566,to
567,be
568,very
569,tailored
570,for
571,the
572,customer?
573,like
574,how
575,does
576,how
577,does
578,the
579,project
580,begin?
581,"yeah,"
582,so
583,it
584,really
585,does
586,depend
587,on
588,the
589,customer's
590,needs.
591,um
592,like
593,i
594,"said,"
595,"if,"
596,if
597,we
598,just
599,take
600,an
601,example
602,of
603,some
604,"customer,"
605,a
606,customer
607,who
608,has
609,never
610,done
611,any
612,greenhouse
613,gas
614,accounting
615,before
616,and
617,they've
618,never
619,done
620,"that,"
621,this
622,is
623,the
624,first
625,year
626,inventory.
627,um
628,it
629,really
630,starts
631,by
632,understanding
633,their
634,business
635,and
636,understanding
637,which
638,sources
639,we
640,need
641,to
642,look
643,at.
644,so
645,that
646,boundary
647,setting
648,step
649,is
650,"um,"
651,is
652,one
653,of
654,the
655,trickier
656,parts
657,of
658,the
659,"process,"
660,but
661,definitely
662,one
663,of
664,the
665,more
666,important
667,"understanding,"
668,"okay,"
669,which
670,locations
671,do
672,we
673,need
674,to
675,look
676,at?
677,what
678,sources
679,do
680,we
681,need
682,to
683,be
684,looking
685,for?
686,some
687,some
688,clients
689,are
690,very
691,straightforward
692,in
693,which
694,"they,"
695,"okay,"
696,we
697,only
698,have
699,leased
700,office
701,space
702,in
703,buildings.
704,we
705,that's
706,"it,"
707,that's
708,"our,"
709,that's
710,our
711,physical
712,footprint.
713,we
714,don't
715,even
716,have
717,a
718,vehicle
719,fleet.
720,"um,"
721,so
722,those
723,are
724,a
725,lot
726,more
727,straightforward
728,than
729,maybe
730,a
731,hypothetical
732,manufacturing
733,client
734,where
735,they
736,have
737,manufacturing
738,"facilities,"
739,they
740,burn
741,a
742,lot
743,of
744,fuel.
745,maybe
746,they
747,have
748,a
749,vehicle
750,"fleet,"
751,maybe
752,they
753,have
754,"um,"
755,some
756,potential
757,fugitive
758,emissions
759,um
760,from
761,their
762,processes.
763,um
764,and
765,"then,"
766,so
767,really
768,it
769,starts
770,with
771,understanding
772,each
773,client
774,what
775,"their,"
776,what
777,their
778,specific
779,needs
780,are.
781,um
782,and
783,"then,"
784,and
785,then
786,we
787,move
788,into
789,kind
790,of
791,the
792,data
793,collection
794,"phase,"
795,which
796,as
797,i'm
798,sure
799,you're
800,aware
801,is
802,oftentimes
803,the
804,most
805,"challenging,"
806,especially
807,especially
808,for
809,clients
810,who
811,have
812,never
813,done
814,this
815,"before,"
816,collecting
817,data
818,is
819,"oftentimes,"
820,especially
821,the
822,first
823,time
824,"around,"
825,usually
826,always
827,a
828,pretty
829,big
830,headache
831,because
832,so
833,i
834,mean
835,some
836,clients
837,have
838,the
839,more
840,established
841,clients
842,"of,"
843,"okay,"
844,we
845,have
846,processes
847,in
848,place
849,when
850,we
851,pay
852,our
853,"bills,"
854,we
855,track
856,our
857,electricity
858,usage
859,as
860,well.
861,maybe
862,they
863,use
864,a
865,bill
866,pay
867,"service,"
868,like
869,energy
870,or
871,someone
872,like
873,"that,"
874,that
875,makes
876,things
877,a
878,lot
879,easier.
880,but
881,unfortunately
882,those
883,are
884,few
885,and
886,far
887,between
888,most
889,of
890,the
891,"time,"
892,it's
893,okay?
894,we
895,need
896,to
897,go
898,to
899,our
900,actual
901,"locations,"
902,go
903,back
904,in
905,time
906,for
907,the
908,years
909,that
910,we're
911,looking
912,to
913,do
914,this
915,inventory
916,for
917,actually
918,collect
919,the
920,data?
921,um
922,that
923,a
924,lot
925,of
926,times
927,and
928,that
929,requires
930,like
931,working
932,with
933,company
934,context
935,to
936,understand.
937,"okay,"
938,"who,"
939,who
940,has
941,access
942,to
943,this
944,"data,"
945,where
946,does
947,it
948,sit?
949,um
950,that's
951,often
952,times
953,the
954,most
955,time
956,consuming
957,part
958,of
959,the
960,process.
961,yeah.
962,and
963,do
964,you
965,find
966,that
967,the
968,data
969,is
970,consistent
971,"throughout,"
972,"like,"
973,let's
974,talk
975,about
976,manufacturing
977,and
978,like
979,support
980,chain
981,and
982,all
983,of
984,that.
985,um
986,like
987,what
988,i've
989,heard
990,"before,"
991,is
992,that
993,data
994,comes
995,in
996,all
997,different
998,formats.
999,is
1000,that
1001,something
1002,that
1003,you
1004,"experience,"
1005,do
1006,you
1007,guys
1008,have
1009,any
1010,sort
1011,of
1012,process
1013,around
1014,that
1015,cleaning
1016,it
1017,up
1018,and
1019,making
1020,it
1021,consistent?
1022,"yeah,"
1023,it
1024,definitely
1025,comes
1026,in
1027,all
1028,different
1029,formats
1030,depending
1031,on
1032,the
1033,location.
1034,if
1035,we're
1036,just
1037,talking
1038,about
1039,scope
1040,one
1041,and
1042,scope
1043,to
1044,data
1045,usually
1046,that's
1047,fairly
1048,simple
1049,enough
1050,to
1051,to
1052,bring
1053,"together,"
1054,although
1055,it's
1056,a
1057,little
1058,tedious
1059,because
1060,it
1061,normally
1062,comes
1063,in
1064,just
1065,"okay,"
1066,this
1067,is
1068,our
1069,electricity
1070,bill
1071,is
1072,their
1073,natural
1074,gas
1075,bill.
1076,we
1077,just
1078,have
1079,to
1080,kind
1081,of
1082,pull
1083,the
1084,units
1085,off
1086,that
1087,unless
1088,they
1089,have
1090,a
1091,centralized
1092,system
1093,which
1094,like
1095,i
1096,"said,"
1097,it's
1098,few
1099,and
1100,far
1101,between.
1102,if
1103,they
1104,do
1105,have
1106,a
1107,centralized
1108,system
1109,we
1110,can
1111,run
1112,an
1113,export
1114,and
1115,"say,"
1116,"okay,"
1117,what's
1118,the
1119,usage
1120,for
1121,all
1122,of
1123,these
1124,sites
1125,over
1126,the
1127,time
1128,period
1129,we're
1130,looking
1131,at
1132,but
1133,then
1134,thinking
1135,about
1136,supply
1137,changes
1138,in
1139,scope
1140,"three,"
1141,that's
1142,when
1143,it
1144,gets
1145,a
1146,lot
1147,more
1148,inconsistent.
1149,different
1150,companies
1151,have
1152,different
1153,ways
1154,of
1155,tracking
1156,or
1157,different
1158,levels
1159,of
1160,tracking
1161,um
1162,the
1163,data
1164,that
1165,we
1166,need
1167,a
1168,lot
1169,of
1170,the
1171,times
1172,for
1173,scope
1174,three
1175,assessments
1176,were
1177,really
1178,starting
1179,with
1180,kind
1181,of
1182,that
1183,spend
1184,based
1185,data
1186,as
1187,part
1188,of
1189,the
1190,initial
1191,screening
1192,to
1193,determine.
1194,okay.
1195,which
1196,which
1197,categories
1198,are
1199,most
1200,relevant
1201,material
1202,to
1203,that
1204,company?
1205,um
1206,and
1207,then
1208,when
1209,we
1210,want
1211,to
1212,move
1213,on
1214,to
1215,more
1216,more
1217,advanced
1218,calculations
1219,for
1220,things
1221,like
1222,purchase
1223,goods
1224,and
1225,"services,"
1226,things
1227,like
1228,downstream
1229,"transportation,"
1230,"distribution,"
1231,that's
1232,where
1233,the
1234,data
1235,is
1236,kind
1237,of
1238,all
1239,over
1240,the
1241,place
1242,depending
1243,on
1244,the
1245,client.
1246,"right,"
1247,okay.
1248,one
1249,client
1250,may
1251,"track,"
1252,we've
1253,"shipped,"
1254,we
1255,know
1256,we've
1257,shipped
1258,this
1259,money
1260,units
1261,to
1262,this
1263,location
1264,and
1265,it
1266,went
1267,by
1268,rail
1269,or
1270,for
1271,example
1272,like
1273,that
1274,but
1275,it's
1276,really
1277,inconsistent
1278,i
1279,think
1280,and
1281,i
1282,think
1283,part
1284,of
1285,the
1286,problem
1287,is
1288,that
1289,only
1290,only
1291,the
1292,companies
1293,that
1294,are
1295,like
1296,the
1297,furthest
1298,along
1299,have
1300,really
1301,established
1302,systems
1303,to
1304,track
1305,that
1306,kind
1307,of
1308,information.
1309,um
1310,these
1311,i
1312,mean
1313,and
1314,that's
1315,talking
1316,about
1317,a
1318,hypothetical
1319,client
1320,that
1321,makes
1322,like
1323,a
1324,physical
1325,product
1326,for
1327,scope
1328,three
1329,other
1330,clients.
1331,when
1332,you're
1333,thinking
1334,about
1335,scope
1336,three
1337,their
1338,biggest
1339,sources.
1340,or
1341,maybe
1342,it's
1343,maybe
1344,it's
1345,business
1346,"travel,"
1347,maybe
1348,it's
1349,just
1350,produce
1351,goods
1352,and
1353,"services,"
1354,employee
1355,commuting
1356,and
1357,business
1358,travel
1359,is
1360,one
1361,of
1362,the
1363,ones
1364,that
1365,a
1366,lot
1367,of
1368,clients
1369,like
1370,to
1371,start
1372,with
1373,just
1374,because
1375,the
1376,data
1377,is
1378,the
1379,most
1380,available
1381,for
1382,it.
1383,and
1384,they
1385,"can,"
1386,i
1387,think
1388,they
1389,can
1390,conceptually
1391,understand
1392,where
1393,the
1394,emissions
1395,come
1396,from
1397,when
1398,it
1399,comes
1400,to
1401,business
1402,travel.
1403,like
1404,they
1405,"understand,"
1406,"okay,"
1407,flying
1408,on
1409,a
1410,plane
1411,produces
1412,emissions.
1413,um
1414,some
1415,of
1416,the
1417,other
1418,categories
1419,are
1420,a
1421,little
1422,more
1423,nebulous
1424,and
1425,they
1426,require
1427,a
1428,little
1429,more
1430,explanation
1431,for
1432,them
1433,to
1434,get
1435,it
1436,to
1437,get
1438,why
1439,we're
1440,collecting
1441,it.
1442,um
1443,but
1444,"yeah,"
1445,it's
1446,definitely
1447,that's
1448,definitely
1449,an
1450,issue
1451,is
1452,okay
1453,all
1454,the
1455,different
1456,formats
1457,the
1458,data
1459,comes
1460,in
1461,and
1462,and
1463,it's
1464,really
1465,a
1466,fairly
1467,manual
1468,process
1469,to
1470,try
1471,to
1472,get
1473,it
1474,in
1475,the
1476,right
1477,format
1478,that
1479,we
1480,need.
1481,um
1482,in
1483,order
1484,to
1485,do
1486,the
1487,calculations
1488,on
1489,it.
1490,yeah.
1491,and
1492,you
1493,also
1494,"mentioned,"
1495,you
1496,mentioned
1497,like
1498,the
1499,business
1500,travel
1501,is
1502,easy
1503,for
1504,customers
1505,to
1506,understand
1507,what's
1508,a
1509,not
1510,easy
1511,want
1512,to
1513,understand
1514,and
1515,like
1516,what
1517,kind
1518,of
1519,do
1520,you
1521,have
1522,to
1523,share
1524,resources
1525,with
1526,them
1527,is
1528,it?
1529,like
1530,an
1531,education?
1532,"yeah,"
1533,sometimes
1534,like
1535,i
1536,think
1537,they
1538,call
1539,clients
1540,here
1541,scope
1542,three
1543,and
1544,they're
1545,like
1546,"okay,"
1547,we
1548,know
1549,we
1550,have
1551,to
1552,do
1553,scope
1554,three
1555,but
1556,a
1557,lot
1558,of
1559,times
1560,they
1561,don't
1562,know
1563,what
1564,the
1565,different
1566,scope
1567,three
1568,categories
1569,are.
1570,they
1571,also
1572,don't
1573,know
1574,where
1575,the
1576,boundaries
1577,begin
1578,and
1579,end
1580,for
1581,scope
1582,three.
1583,um
1584,i
1585,think
1586,you
1587,have
1588,sold
1589,products
1590,is
1591,definitely
1592,something
1593,that
1594,people
1595,struggle
1596,"with,"
1597,especially
1598,if
1599,they
1600,don't
1601,make
1602,like
1603,a
1604,physical
1605,"product,"
1606,right?
1607,if
1608,if
1609,they
1610,make
1611,a
1612,physical
1613,products
1614,a
1615,lot
1616,easier
1617,to
1618,"understand,"
1619,which
1620,is
1621,really
1622,what
1623,the
1624,protocol
1625,is
1626,designed
1627,to
1628,"like,"
1629,that's
1630,what
1631,is
1632,written
1633,around.
1634,it's
1635,like
1636,a
1637,hypothetical
1638,product
1639,that
1640,uses
1641,energy
1642,um
1643,some
1644,of
1645,those
1646,indirect
1647,emissions
1648,that
1649,are
1650,optional
1651,and
1652,then
1653,clients
1654,are
1655,like
1656,"okay,"
1657,do
1658,we
1659,have
1660,to
1661,account
1662,for?
1663,um
1664,i'm
1665,trying
1666,to
1667,think
1668,of
1669,a
1670,good
1671,example
1672,of
1673,a
1674,category
1675,they
1676,don't
1677,really
1678,"understand,"
1679,they
1680,don't
1681,understand
1682,um
1683,the
1684,fuel
1685,and
1686,energy
1687,related
1688,activities
1689,category
1690,because
1691,i
1692,need
1693,"to,"
1694,that's
1695,usually
1696,more
1697,of
1698,an
1699,education
1700,process.
1701,understanding
1702,"okay,"
1703,what
1704,transmission
1705,and
1706,distribution
1707,losses
1708,are
1709,why
1710,there
1711,are
1712,emissions
1713,upstream
1714,for
1715,when
1716,the
1717,fuel
1718,to
1719,produce
1720,electricity
1721,is
1722,"extracted,"
1723,that
1724,kind
1725,of
1726,thing.
1727,um
1728,purchase
1729,goods
1730,and
1731,services
1732,often
1733,sometimes
1734,takes
1735,a
1736,little
1737,bit
1738,of
1739,explanation.
1740,"okay,"
1741,the
1742,things
1743,that
1744,you
1745,buy
1746,have
1747,embodied
1748,emissions
1749,because
1750,they
1751,took
1752,emissions
1753,they
1754,took
1755,energy
1756,to
1757,produce.
1758,um
1759,so
1760,"yeah,"
1761,there's
1762,definitely
1763,an
1764,education
1765,component
1766,when
1767,it
1768,comes
1769,to
1770,each
1771,scope
1772,three
1773,category.
1774,and
1775,i
1776,think
1777,the
1778,big
1779,question
1780,is
1781,like
1782,okay
1783,which
1784,of
1785,these
1786,do
1787,we
1788,have
1789,to
1790,account
1791,for?
1792,and
1793,then
1794,like
1795,what's
1796,the
1797,limit?
1798,what's
1799,the
1800,boundary
1801,on
1802,these
1803,categories?
1804,how
1805,far
1806,down
1807,the
1808,chain
1809,do
1810,we
1811,need
1812,to
1813,go?
1814,um
1815,a
1816,lot
1817,of
1818,like
1819,i
1820,said
1821,it's
1822,easier
1823,with
1824,clients
1825,that
1826,make
1827,a
1828,physical
1829,product.
1830,i
1831,think
1832,that's
1833,it's
1834,a
1835,lot
1836,more
1837,straightforward
1838,clients.
1839,yeah
1840,with
1841,clients
1842,that
1843,are
1844,like
1845,um
1846,like
1847,financial
1848,services
1849,"clients,"
1850,they're
1851,really
1852,struggling
1853,with
1854,the
1855,especially
1856,because
1857,the
1858,methodology
1859,for
1860,category
1861,15
1862,investments
1863,category
1864,is
1865,there's
1866,still
1867,so
1868,many
1869,different
1870,methodologies
1871,out
1872,there
1873,for
1874,calculating
1875,that.
1876,um
1877,they're
1878,like
1879,okay
1880,what
1881,do
1882,we
1883,need
1884,to
1885,include?
1886,and
1887,i
1888,think
1889,there's
1890,some
1891,some
1892,things
1893,that
1894,are
1895,lost
1896,in
1897,translation
1898,when
1899,comparing
1900,the
1901,language
1902,of
1903,how
1904,financial
1905,services
1906,discuss
1907,their
1908,different
1909,different
1910,types
1911,of
1912,investments
1913,versus
1914,how
1915,the
1916,g.
1917,protocol
1918,discusses
1919,it.
1920,um
1921,so
1922,that's
1923,a
1924,little
1925,bit
1926,of
1927,a
1928,trance.
1929,like
1930,that's
1931,a
1932,that's
1933,a
1934,hard
1935,exercise
1936,into
1937,into
1938,their
1939,terminology
1940,right
1941,into
1942,language
1943,they
1944,understand.
1945,um
1946,yeah
1947,it's
1948,hard.
1949,yeah
1950,i've
1951,heard
1952,that
1953,a
1954,lot
1955,like
1956,everyone
1957,has
1958,their
1959,own
1960,version
1961,of
1962,that.
1963,it's
1964,like
1965,talking
1966,to
1967,marketing
1968,or
1969,talking
1970,to
1971,these
1972,people.
1973,it's
1974,like
1975,a
1976,lot
1977,of
1978,yeah
1979,especially
1980,because
1981,there's
1982,so
1983,many
1984,different
1985,data
1986,sources
1987,across
1988,the
1989,"company,"
1990,like
1991,so
1992,many
1993,different
1994,departments
1995,in
1996,a
1997,company
1998,need
1999,to
2000,be
2001,involved
2002,in
2003,a
2004,complete
2005,like
2006,if
2007,you're
2008,doing
2009,like
2010,a
2011,complete
2012,"scope,"
2013,three
2014,inventory?
2015,you
2016,understand?
2017,okay
2018,accounting
2019,is
2020,involved
2021,for
2022,the
2023,spend
2024,data
2025,but
2026,then
2027,facilities
2028,involved.
2029,okay
2030,do
2031,we
2032,have
2033,any
2034,like
2035,leased
2036,assets
2037,or
2038,where
2039,do
2040,we
2041,send
2042,"our,"
2043,where
2044,are
2045,all
2046,our
2047,products
2048,going?
2049,they
2050,take
2051,so
2052,many
2053,different
2054,sides
2055,of
2056,the
2057,company
2058,to
2059,do
2060,a
2061,full
2062,inventory
2063,that
2064,um
2065,getting
2066,everyone
2067,to
2068,talk
2069,in
2070,the
2071,same
2072,language
2073,is
2074,sometimes
2075,difficult
2076,but
2077,that's
2078,also
2079,part
2080,of
2081,like
2082,okay
2083,learning
2084,the
2085,company
2086,itself
2087,and
2088,understanding
2089,what
2090,what
2091,they
2092,do.
2093,yeah.
2094,um
2095,and
2096,you
2097,also
2098,mentioned
2099,that
2100,you
2101,do
2102,party
2103,auditing.
2104,is
2105,that
2106,yeah
2107,we
2108,do
2109,verification
2110,and
2111,assurance
2112,over
2113,over
2114,some
2115,clients.
2116,that
2117,was
2118,my
2119,we
2120,do
2121,we
2122,do
2123,some
2124,um
2125,prior
2126,with
2127,a
2128,firm
2129,called
2130,apex
2131,um
2132,who
2133,did
2134,exclusively
2135,we
2136,didn't
2137,do
2138,any
2139,consulting.
2140,we
2141,exclusively
2142,did
2143,verification
2144,and
2145,assurance.
2146,um
2147,so
2148,that's
2149,a
2150,that's
2151,a
2152,different
2153,kind
2154,of
2155,engagement
2156,where
2157,that's
2158,more
2159,we're
2160,following
2161,a
2162,pretty
2163,strict
2164,protocol
2165,in
2166,order
2167,to
2168,check
2169,their
2170,emissions
2171,"calculations,"
2172,check
2173,that
2174,background
2175,data.
2176,um
2177,that's
2178,really
2179,something
2180,that
2181,we
2182,see
2183,clients
2184,that
2185,are
2186,more
2187,that
2188,are
2189,further
2190,along
2191,in
2192,the
2193,process
2194,go
2195,for.
2196,maybe
2197,they've
2198,been
2199,doing
2200,their
2201,inventory
2202,for
2203,a
2204,few
2205,years.
2206,they
2207,feel
2208,pretty
2209,good
2210,about
2211,their
2212,methodology
2213,so
2214,then
2215,they
2216,were
2217,like
2218,okay
2219,we
2220,want
2221,third
2222,party
2223,assurance
2224,of
2225,it.
2226,and
2227,so
2228,it's
2229,we're
2230,checking
2231,sampling
2232,of
2233,the
2234,source
2235,data
2236,that
2237,they're
2238,using
2239,their
2240,calculation
2241,methods.
2242,the
2243,actual
2244,calculation
2245,numbers
2246,themselves.
2247,the
2248,roll
2249,ups
2250,that
2251,kind
2252,of
2253,thing.
2254,um
2255,yeah
2256,is
2257,that
2258,a
2259,fairly
2260,manual
2261,process
2262,like
2263,you
2264,know
2265,you
2266,want
2267,to
2268,check
2269,specific
2270,calculation
2271,and
2272,then
2273,you
2274,like
2275,go
2276,into
2277,your
2278,own
2279,software
2280,or
2281,like
2282,"yeah,"
2283,so
2284,it
2285,depends
2286,on
2287,the
2288,software
2289,that
2290,the
2291,client
2292,is
2293,using
2294,for
2295,their
2296,um
2297,for
2298,their
2299,inventory
2300,somewhere.
2301,just
2302,a
2303,lot.
2304,most
2305,are
2306,just
2307,doing
2308,it
2309,in
2310,excel
2311,still.
2312,um
2313,and
2314,so
2315,that
2316,is
2317,really
2318,just
2319,okay.
2320,we
2321,will
2322,check.
2323,i'll
2324,take
2325,they
2326,so
2327,they'll
2328,they'll
2329,have
2330,acclaimed
2331,emissions
2332,total.
2333,so
2334,i'll
2335,take
2336,like
2337,a
2338,subset.
2339,"okay,"
2340,they
2341,say
2342,for
2343,this
2344,"office,"
2345,this
2346,is
2347,the
2348,total
2349,amount
2350,of
2351,"emissions,"
2352,this
2353,is
2354,the
2355,total
2356,amount
2357,of
2358,electricity
2359,usage.
2360,i'll
2361,do
2362,my
2363,own
2364,calculations
2365,to
2366,"say,"
2367,"okay,"
2368,does
2369,that
2370,match
2371,up
2372,we
2373,have
2374,a
2375,materiality
2376,"threshold,"
2377,like
2378,plus
2379,or
2380,-5%
2381,of
2382,the
2383,whole
2384,scope
2385,that
2386,we
2387,work
2388,on?
2389,um
2390,the
2391,that's
2392,fairly
2393,manual.
2394,i
2395,"mean,"
2396,it
2397,depends
2398,if
2399,they're
2400,using
2401,like
2402,online
2403,carbon
2404,accounting
2405,platform.
2406,sometimes
2407,it
2408,can
2409,actually
2410,be
2411,a
2412,little
2413,more
2414,difficult
2415,to
2416,check
2417,those
2418,calculations
2419,because
2420,in
2421,excel
2422,they're
2423,very
2424,"visible,"
2425,right?
2426,you
2427,can
2428,click
2429,on
2430,a
2431,"cell,"
2432,see
2433,where
2434,things
2435,are
2436,coming
2437,from.
2438,um
2439,but
2440,they're
2441,a
2442,little
2443,more
2444,opaque
2445,on
2446,an
2447,online
2448,carbon
2449,couching
2450,platform.
2451,um
2452,but
2453,then
2454,the
2455,other
2456,part
2457,of
2458,what
2459,we
2460,do
2461,is
2462,we
2463,review
2464,a
2465,selection
2466,of
2467,like
2468,documentation
2469,for
2470,background
2471,data
2472,that
2473,was
2474,"like,"
2475,"okay,"
2476,you
2477,claim
2478,you
2479,used
2480,"100,000"
2481,kilowatt
2482,hours
2483,here.
2484,where
2485,can
2486,you
2487,prove
2488,that?
2489,can
2490,we
2491,see
2492,the
2493,invoices
2494,for
2495,that?
2496,or
2497,can
2498,we
2499,see
2500,a
2501,report
2502,"from,"
2503,your
2504,utility
2505,provider
2506,saying
2507,this
2508,is
2509,how
2510,much
2511,energy
2512,used.
2513,and
2514,so
2515,in
2516,that
2517,case
2518,is
2519,when
2520,they're
2521,using
2522,an
2523,online
2524,"platform,"
2525,it's
2526,usually
2527,a
2528,little
2529,easier
2530,because
2531,they
2532,have
2533,the
2534,opportunity
2535,to
2536,attach
2537,evidence
2538,to
2539,particular
2540,like
2541,items
2542,so
2543,we
2544,can
2545,go
2546,in
2547,so
2548,we
2549,have
2550,to
2551,request
2552,less
2553,from
2554,the
2555,actual
2556,client
2557,and
2558,sometimes
2559,if
2560,we're
2561,trying
2562,to
2563,get
2564,those
2565,electricity
2566,"bills,"
2567,it's
2568,back
2569,and
2570,forth
2571,with
2572,a
2573,particular
2574,office
2575,or
2576,with
2577,the
2578,utility
2579,provider
2580,that
2581,takes
2582,some
2583,time.
2584,but
2585,if
2586,they've
2587,uploaded
2588,that
2589,evidence
2590,to
2591,a
2592,"system,"
2593,"it's,"
2594,it's
2595,a
2596,little
2597,more
2598,straightforward
2599,for
2600,us
2601,to
2602,go
2603,and
2604,"say,"
2605,"okay,"
2606,we
2607,can
2608,see
2609,for
2610,january
2611,at
2612,this
2613,"location,"
2614,this
2615,is
2616,the
2617,electricity
2618,usage.
2619,right.
2620,yeah.
2621,and
2622,what
2623,are
2624,some
2625,of
2626,the
2627,common
2628,challenges
2629,in
2630,auditing
2631,um
2632,when
2633,you
2634,go
2635,back
2636,and
2637,"forth,"
2638,what
2639,what
2640,are
2641,those
2642,back
2643,and
2644,forth?
2645,um
2646,i
2647,think
2648,like
2649,i
2650,said
2651,a
2652,lot
2653,of
2654,it
2655,is
2656,"okay,"
2657,this
2658,is
2659,the
2660,data
2661,like
2662,this
2663,is
2664,the
2665,data
2666,we
2667,need
2668,um
2669,that's
2670,what
2671,takes
2672,a
2673,lot
2674,of
2675,the
2676,time
2677,is
2678,okay
2679,actually
2680,getting
2681,some
2682,of
2683,the
2684,source
2685,"data,"
2686,i
2687,think
2688,a
2689,lot
2690,of
2691,companies
2692,don't
2693,have
2694,"a,"
2695,i
2696,really
2697,flushed
2698,out
2699,inventory
2700,management
2701,plan
2702,for
2703,"example,"
2704,where
2705,they
2706,describe
2707,the
2708,exact
2709,methodology
2710,of
2711,their
2712,calculations
2713,and
2714,the
2715,exact
2716,methodology
2717,of
2718,how
2719,they
2720,collect
2721,their
2722,data
2723,in
2724,the
2725,few
2726,instances
2727,where
2728,i've
2729,worked
2730,with
2731,clients
2732,that
2733,do
2734,have
2735,that.
2736,it
2737,really
2738,helps
2739,the
2740,auditing
2741,process
2742,because
2743,we
2744,can
2745,"understand,"
2746,"okay,"
2747,this
2748,is
2749,where
2750,that
2751,data
2752,is
2753,coming
2754,from.
2755,this
2756,is
2757,"how,"
2758,if
2759,there's
2760,any
2761,qa
2762,qc
2763,"procedures,"
2764,this
2765,is
2766,what
2767,they
2768,are
2769,um
2770,and
2771,then
2772,this
2773,is
2774,how
2775,the
2776,calculation
2777,is
2778,done.
2779,these
2780,are
2781,the
2782,emission
2783,factors
2784,we
2785,use
2786,having
2787,something
2788,like
2789,a
2790,document
2791,like
2792,that
2793,that's
2794,laid
2795,out
2796,is
2797,really
2798,helpful
2799,um
2800,but
2801,it's
2802,not
2803,very
2804,common.
2805,"okay,"
2806,that's
2807,what
2808,we're
2809,working
2810,on.
2811,yeah.
2812,"yeah,"
2813,no
2814,that's
2815,definitely
2816,great.
2817,like
2818,understanding
2819,like
2820,this
2821,is
2822,the
2823,"methodology,"
2824,this
2825,is
2826,this
2827,is
2828,the
2829,process
2830,and
2831,procedures
2832,is
2833,like
2834,something
2835,that
2836,at
2837,the
2838,beginning
2839,of
2840,an
2841,audit
2842,is
2843,always
2844,super
2845,helpful
2846,to
2847,read
2848,through
2849,it
2850,because
2851,it
2852,just
2853,that
2854,would
2855,reduce
2856,the
2857,number
2858,of
2859,questions
2860,that
2861,i
2862,have
2863,for
2864,the
2865,client
2866,right
2867,the
2868,back
2869,and
2870,forth
2871,a
2872,lot
2873,of
2874,the
2875,times
2876,like
2877,looking
2878,at
2879,it
2880,from
2881,a
2882,third
2883,party
2884,"perspective,"
2885,you'll
2886,have
2887,questions
2888,that
2889,are
2890,really
2891,"not,"
2892,it's
2893,really
2894,not
2895,an
2896,"issue,"
2897,not
2898,a
2899,verification
2900,issue.
2901,it's
2902,really
2903,just
2904,something
2905,that
2906,needs
2907,to
2908,be
2909,explained.
2910,um
2911,and
2912,so
2913,it's
2914,a
2915,quick
2916,back
2917,and
2918,forth
2919,but
2920,having
2921,having
2922,that
2923,that
2924,methodology
2925,like
2926,laid
2927,out
2928,in
2929,front
2930,of
2931,you
2932,can
2933,reduce
2934,the
2935,number
2936,of
2937,back
2938,and
2939,forth.
2940,you
2941,need
2942,to
2943,have
2944,great.
2945,um
2946,so
2947,aside
2948,from
2949,auditing
2950,you
2951,also
2952,you
2953,"know,"
2954,back
2955,to
2956,the
2957,client
2958,work
2959,and
2960,the
2961,measurement
2962,and
2963,all
2964,of
2965,that.
2966,um
2967,is
2968,there
2969,any
2970,interest
2971,in
2972,having
2973,some
2974,sort
2975,of
2976,like
2977,science
2978,based
2979,targets
2980,package
2981,or
2982,i
2983,don't
2984,know
2985,like
2986,is
2987,there
2988,any
2989,specific
2990,things
2991,that
2992,you
2993,do
2994,for
2995,that
2996,initiative?
2997,yeah
2998,for
2999,science
3000,based
3001,targets
3002,that's
3003,usually
3004,that
3005,we
3006,go
3007,through
3008,that
3009,process
3010,quite
3011,a
3012,bit.
3013,it's
3014,a
3015,pretty
3016,common
3017,ask
3018,once
3019,once
3020,companies
3021,have
3022,been
3023,doing
3024,their
3025,inventory
3026,for
3027,a
3028,few
3029,"years,"
3030,they're
3031,looking
3032,to
3033,set
3034,targets.
3035,um
3036,and
3037,it's
3038,becoming
3039,less
3040,common
3041,for
3042,companies
3043,just
3044,but
3045,i
3046,think
3047,a
3048,few
3049,years
3050,ago
3051,companies
3052,would
3053,just
3054,pick
3055,up
3056,either
3057,pick
3058,an
3059,arbitrary
3060,number
3061,or
3062,pick
3063,something
3064,that
3065,they
3066,thought
3067,they
3068,could
3069,achieve
3070,and
3071,set
3072,that
3073,target.
3074,now
3075,there's
3076,a
3077,lot
3078,more
3079,interest
3080,in
3081,science
3082,space
3083,targets
3084,having
3085,that
3086,approved.
3087,so
3088,when
3089,we
3090,go
3091,through
3092,that
3093,process
3094,um
3095,often
3096,times
3097,it's
3098,kind
3099,of
3100,in
3101,combination
3102,with
3103,a
3104,with
3105,a
3106,scope
3107,three
3108,screening
3109,because
3110,they
3111,want
3112,to
3113,know
3114,if
3115,okay
3116,if
3117,their
3118,scope
3119,three
3120,emissions
3121,are
3122,greater
3123,than
3124,40%
3125,they
3126,have
3127,to
3128,set
3129,a
3130,scope
3131,three
3132,science
3133,based
3134,targets
3135,and
3136,sometimes
3137,the
3138,people
3139,interested
3140,haven't
3141,haven't
3142,completed
3143,their
3144,full
3145,scope
3146,three
3147,inventory
3148,yet.
3149,um
3150,so
3151,that's
3152,the
3153,first
3154,part
3155,is
3156,like
3157,"okay,"
3158,scope
3159,three
3160,screening
3161,determine
3162,if
3163,they
3164,need
3165,to
3166,set
3167,a
3168,scope
3169,three
3170,target.
3171,usually
3172,in
3173,almost
3174,all
3175,cases
3176,it's
3177,yes
3178,because
3179,scope
3180,three
3181,emissions
3182,are
3183,so
3184,much
3185,bigger
3186,than
3187,scope
3188,one
3189,and
3190,two.
3191,um
3192,but
3193,then
3194,it's
3195,really
3196,about
3197,they
3198,clients
3199,want
3200,to
3201,either
3202,either
3203,they'll
3204,commit
3205,immediately
3206,and
3207,then
3208,they'll
3209,say
3210,okay
3211,we
3212,have
3213,two
3214,years
3215,to
3216,figure
3217,it
3218,out
3219,or
3220,they
3221,really
3222,want
3223,to
3224,understand
3225,their
3226,target
3227,options
3228,before
3229,they
3230,even
3231,commit
3232,publicly
3233,to
3234,setting
3235,them.
3236,so
3237,what
3238,we'll
3239,do
3240,is
3241,take
3242,their
3243,emissions
3244,inventory
3245,and
3246,model
3247,out
3248,most
3249,commonly
3250,used.
3251,we'll
3252,use
3253,the
3254,s.b.t.i.
3255,tools
3256,to
3257,model
3258,out.
3259,okay
3260,these
3261,are
3262,your
3263,potential
3264,targets
3265,right?
3266,if
3267,you
3268,set
3269,a
3270,absolute
3271,emissions
3272,target
3273,it
3274,looks
3275,like
3276,this.
3277,if
3278,you
3279,set
3280,the
3281,intensity
3282,target
3283,it
3284,looks
3285,like
3286,this
3287,back
3288,when
3289,to
3290,under
3291,two
3292,degrees
3293,c.
3294,and
3295,1.5
3296,degrees
3297,c.
3298,targets
3299,were
3300,allowed.
3301,we
3302,would
3303,model
3304,at
3305,both
3306,those
3307,different
3308,pathways
3309,and
3310,show
3311,them
3312,the
3313,difference.
3314,now
3315,it
3316,has
3317,to
3318,be
3319,below
3320,1.5
3321,degrees
3322,c.
3323,so
3324,we'll
3325,model
3326,out
3327,both
3328,of
3329,those
3330,different
3331,pathways
3332,and
3333,then
3334,a
3335,lot
3336,of
3337,clients
3338,won't
3339,understand.
3340,okay
3341,so
3342,this
3343,is
3344,a
3345,hypothetical
3346,"target,"
3347,is
3348,it
3349,achievable
3350,for
3351,us?
3352,so
3353,well
3354,okay
3355,if
3356,you
3357,um
3358,if
3359,you
3360,purchased
3361,all
3362,this
3363,renewable
3364,energy
3365,where
3366,would
3367,that
3368,put
3369,you
3370,on
3371,in
3372,relation
3373,to
3374,your
3375,goal
3376,if
3377,you
3378,covered
3379,all
3380,your
3381,electricity
3382,with
3383,renewables
3384,for
3385,example.
3386,um
3387,so
3388,then
3389,it's
3390,more
3391,okay
3392,then
3393,they
3394,will
3395,publicly
3396,commit
3397,and
3398,then
3399,we'll
3400,go
3401,through
3402,the
3403,more
3404,formal
3405,target
3406,setting
3407,process
3408,which
3409,is
3410,a
3411,little
3412,more
3413,rigorous
3414,in
3415,terms
3416,of
3417,science
3418,based
3419,targets
3420,will
3421,come
3422,back
3423,and
3424,ask
3425,questions
3426,about.
3427,okay
3428,how
3429,did
3430,you
3431,do
3432,your
3433,inventory?
3434,did
3435,you
3436,account
3437,for
3438,this
3439,particular
3440,thing
3441,and
3442,scope
3443,three?
3444,so
3445,that's
3446,more
3447,of
3448,a
3449,back
3450,and
3451,forth
3452,with
3453,the
3454,science
3455,based
3456,targets
3457,group.
3458,um
3459,but
3460,yeah
3461,so
3462,that's
3463,kind
3464,of
3465,an
3466,overview
3467,of
3468,the
3469,process
3470,there?
3471,um
3472,and
3473,it
3474,is
3475,with
3476,the
3477,science
3478,based
3479,targets
3480,tools
3481,are
3482,are
3483,great
3484,to
3485,a
3486,degree.
3487,sometimes
3488,it's
3489,a
3490,little
3491,confusing
3492,that
3493,their
3494,their
3495,version
3496,numbers
3497,are
3498,they
3499,like
3500,they'll
3501,have
3502,multiple
3503,versions
3504,up
3505,that
3506,exist
3507,on
3508,the
3509,internet
3510,and
3511,if
3512,you're
3513,using
3514,like
3515,an
3516,outdated
3517,version
3518,you
3519,gotta
3520,be
3521,careful
3522,because
3523,it
3524,won't
3525,it
3526,won't
3527,give
3528,you
3529,the
3530,same
3531,math.
3532,um
3533,but
3534,we'll
3535,we'll
3536,check
3537,it
3538,internally
3539,with
3540,our
3541,with
3542,our
3543,with
3544,our
3545,own
3546,calculations
3547,because
3548,usually
3549,those
3550,percentage
3551,reductions
3552,are
3553,pretty
3554,straightforward
3555,and
3556,we
3557,can
3558,just
3559,say
3560,oh
3561,it's
3562,4.2%
3563,each
3564,year
3565,or
3566,something
3567,like
3568,that.
3569,occasionally
3570,clients
3571,will
3572,want
3573,to
3574,be
3575,more
3576,aggressive
3577,than
3578,the
3579,actual
3580,what
3581,the
3582,tool
3583,spits
3584,out
3585,as
3586,they're
3587,like
3588,minimum
3589,pathway
3590,for
3591,1.5
3592,degrees
3593,c.
3594,um
3595,so
3596,well
3597,we'll
3598,adjust
3599,that
3600,as
3601,well.
3602,yeah.
3603,um
3604,and
3605,what
3606,is
3607,like
3608,what
3609,is
3610,that
3611,conversation
3612,with
3613,um
3614,the
3615,client
3616,and
3617,them
3618,getting
3619,buy
3620,in
3621,from
3622,their
3623,organization
3624,or
3625,do
3626,you
3627,not?
3628,are
3629,you
3630,not
3631,as
3632,involved
3633,in
3634,that
3635,part?
3636,usually
3637,usually
3638,they
3639,come
3640,to
3641,us
3642,when
3643,they
3644,already
3645,have
3646,buying
3647,to
3648,set
3649,a
3650,target.
3651,however
3652,sometimes
3653,it's
3654,something
3655,that
3656,comes
3657,up.
3658,say
3659,we're
3660,doing
3661,an
3662,initial
3663,scope
3664,three
3665,or
3666,scope
3667,one
3668,and
3669,two
3670,inventory.
3671,maybe
3672,some
3673,scope
3674,three
3675,part
3676,of
3677,our
3678,recommendations.
3679,we
3680,always
3681,provide
3682,recommendations
3683,at
3684,the
3685,end
3686,of
3687,the
3688,project
3689,things
3690,to
3691,think
3692,"about,"
3693,oh
3694,this
3695,is
3696,this
3697,is
3698,where
3699,you
3700,could
3701,potentially
3702,look
3703,to
3704,look
3705,reduce
3706,your
3707,emissions.
3708,you
3709,should
3710,consider
3711,setting
3712,a
3713,target
3714,and
3715,usually
3716,our
3717,suggestion
3718,is
3719,to
3720,point
3721,them
3722,towards
3723,the
3724,science
3725,based
3726,targets
3727,as
3728,best
3729,practice.
3730,um
3731,occasionally
3732,they've
3733,they've
3734,looked
3735,at
3736,that
3737,and
3738,they
3739,say
3740,this
3741,makes
3742,sense
3743,for
3744,us
3745,but
3746,really
3747,um
3748,yeah
3749,if
3750,they
3751,trust
3752,our
3753,advice
3754,coming
3755,out
3756,of
3757,the
3758,initial
3759,inventory
3760,and
3761,we
3762,say
3763,we
3764,think
3765,science
3766,based
3767,targets
3768,are
3769,best
3770,practice.
3771,occasionally
3772,they'll
3773,say
3774,yes
3775,let's
3776,do
3777,it.
3778,sometimes
3779,it
3780,needs
3781,to
3782,come
3783,from
3784,higher
3785,up
3786,um
3787,to
3788,get
3789,by
3790,and
3791,maybe
3792,they're
3793,getting
3794,pressure
3795,um
3796,from
3797,investors
3798,or
3799,things
3800,like
3801,that
3802,to
3803,set
3804,rates
3805,or
3806,um
3807,or
3808,from
3809,or
3810,we're
3811,seeing
3812,slightly
3813,more
3814,and
3815,more
3816,supply
3817,chain
3818,connections
3819,right?
3820,for
3821,for
3822,maybe
3823,some
3824,of
3825,their
3826,"customers,"
3827,their
3828,biggest
3829,"customers,"
3830,their
3831,biggest
3832,suppliers
3833,want
3834,their
3835,value
3836,chain
3837,to
3838,have
3839,targets
3840,set.
3841,so
3842,that
3843,occasionally
3844,will
3845,be
3846,a
3847,motivator
3848,as
3849,well.
3850,yeah.
3851,and
3852,are
3853,the
3854,are
3855,the
3856,tools
3857,that
3858,you
3859,have
3860,to
3861,use
3862,per
3863,client?
3864,um
3865,you
3866,know
3867,like
3868,do
3869,they
3870,change
3871,at
3872,all?
3873,um
3874,what
3875,is
3876,the
3877,biggest
3878,challenge
3879,with
3880,science
3881,based
3882,targets?
3883,because
3884,often
3885,what
3886,i
3887,hear
3888,is
3889,that
3890,it's
3891,the
3892,same
3893,challenges
3894,as
3895,everything
3896,else?
3897,like
3898,it's
3899,the
3900,data
3901,really.
3902,but
3903,is
3904,there
3905,any
3906,specific
3907,um
3908,any
3909,specific
3910,tools
3911,that
3912,you
3913,use
3914,for
3915,this
3916,process?
3917,yeah.
3918,i
3919,think
3920,there's
3921,not
3922,"really,"
3923,not
3924,really
3925,any
3926,"tools,"
3927,i
3928,think
3929,the
3930,process
3931,is
3932,slightly
3933,different
3934,just
3935,depending
3936,on
3937,the
3938,"client,"
3939,depending
3940,what
3941,what
3942,scope
3943,three
3944,categories
3945,are
3946,material
3947,to
3948,them.
3949,scope
3950,one
3951,and
3952,2
3953,is
3954,usually
3955,pretty
3956,straight
3957,"forward,"
3958,no
3959,matter
3960,what
3961,it's
3962,like
3963,the
3964,sci
3965,fi
3966,target
3967,tool
3968,is
3969,gonna
3970,spit
3971,out
3972,a
3973,potential
3974,target
3975,that
3976,that
3977,meets
3978,their
3979,criteria
3980,that's
3981,below
3982,1.5Â°c
3983,pathway.
3984,thinking
3985,about
3986,the
3987,script
3988,targets
3989,are
3990,a
3991,little
3992,more
3993,if
3994,you're
3995,not
3996,looking
3997,into
3998,the
3999,net
4000,zero
4001,"guidance,"
4002,which
4003,some
4004,clients
4005,are
4006,looking
4007,at
4008,like
4009,long-term
4010,net
4011,zero
4012,targets
4013,for
4014,like
4015,2050
4016,or
4017,earlier.
4018,those
4019,have
4020,to
4021,they
4022,expand
4023,that
4024,boundary
4025,that
4026,you
4027,have
4028,to
4029,cover
4030,90%
4031,of
4032,your
4033,scope
4034,three
4035,emissions
4036,or
4037,95%.
4038,i
4039,can't
4040,remember
4041,off
4042,the
4043,top
4044,of
4045,my
4046,head.
4047,um
4048,but
4049,the
4050,scope
4051,three
4052,targets
4053,for
4054,like
4055,the
4056,near-term
4057,targets
4058,or
4059,the
4060,medium-term
4061,targets
4062,that
4063,are
4064,like
4065,10
4066,years
4067,"out,"
4068,they
4069,don't
4070,have
4071,to
4072,cover
4073,that
4074,much
4075,of
4076,your
4077,scope
4078,three
4079,emissions.
4080,so
4081,some
4082,some
4083,companies
4084,and
4085,you
4086,can
4087,see
4088,this
4089,on
4090,the
4091,science-based
4092,target
4093,website
4094,will
4095,set
4096,a
4097,sense
4098,we
4099,target
4100,only
4101,over
4102,a
4103,certain
4104,category
4105,of
4106,their
4107,scope
4108,three.
4109,so
4110,that's
4111,really
4112,where
4113,it
4114,gets
4115,more
4116,customized
4117,depending
4118,on
4119,the
4120,client
4121,is
4122,the
4123,scope
4124,three
4125,target
4126,and
4127,the
4128,potential
4129,for
4130,that
4131,um
4132,scope
4133,one
4134,and
4135,two
4136,is
4137,usually
4138,more
4139,straightforward.
4140,but
4141,"yeah,"
4142,i
4143,think
4144,if
4145,they
4146,have
4147,a
4148,scope
4149,on
4150,into
4151,inventory
4152,and
4153,it's
4154,completed
4155,that
4156,target
4157,setting
4158,process
4159,is
4160,fairly
4161,straightforward.
4162,it
4163,is
4164,when
4165,it
4166,gets
4167,comes
4168,to
4169,scope
4170,"three,"
4171,it's
4172,really
4173,determining
4174,some
4175,some
4176,clients
4177,are
4178,"like,"
4179,"okay,"
4180,are
4181,we
4182,above
4183,or
4184,below
4185,that
4186,40%
4187,threshold.
4188,that
4189,means
4190,we
4191,have
4192,to
4193,set
4194,a
4195,scope
4196,to
4197,target
4198,and
4199,then
4200,once
4201,they
4202,say
4203,they're
4204,above
4205,it.
4206,okay.
4207,which
4208,which
4209,combination
4210,of
4211,categories?
4212,i
4213,think
4214,it's
4215,about
4216,60%
4217,of
4218,the
4219,scripture
4220,emissions
4221,have
4222,to
4223,be
4224,included
4225,in
4226,the
4227,target.
4228,so
4229,which
4230,combination
4231,of
4232,categories
4233,do
4234,we
4235,need
4236,to
4237,set
4238,a
4239,target
4240,on?
4241,can
4242,we
4243,set
4244,a
4245,target
4246,just
4247,on
4248,11
4249,category.
4250,for
4251,example
4252,if
4253,they
4254,have
4255,one
4256,category
4257,that
4258,really
4259,dominates
4260,their
4261,um
4262,their
4263,scope
4264,three
4265,emissions.
4266,so
4267,that's
4268,where
4269,it
4270,gets
4271,a
4272,little
4273,more
4274,a
4275,little
4276,more
4277,difficult
4278,and
4279,a
4280,little
4281,more
4282,customized
4283,depending
4284,on
4285,the
4286,client.
4287,and
4288,there's
4289,not
4290,really
4291,a
4292,tool
4293,that
4294,we
4295,use.
4296,it's
4297,kind
4298,of
4299,just
4300,math
4301,um
4302,to
4303,determine.
4304,okay.
4305,does
4306,"they,"
4307,do
4308,they
4309,are
4310,they
4311,meeting
4312,the
4313,threshold
4314,if
4315,they
4316,include
4317,these
4318,categories?
4319,are
4320,they
4321,meeting
4322,the
4323,threshold
4324,if
4325,they're
4326,only
4327,setting
4328,a
4329,target
4330,"on,"
4331,you
4332,"know,"
4333,just
4334,13
4335,category?
4336,yeah.
4337,and
4338,within
4339,your
4340,own
4341,company
4342,and
4343,colleagues
4344,um
4345,is
4346,it
4347,do
4348,you
4349,guys
4350,often
4351,have
4352,the
4353,same
4354,client
4355,or
4356,is
4357,it
4358,an
4359,autonomous
4360,thing
4361,where
4362,like
4363,i'm
4364,working
4365,on
4366,this
4367,client
4368,or
4369,is
4370,it
4371,more
4372,of
4373,like
4374,usually
4375,it's
4376,a
4377,team
4378,um
4379,there'll
4380,be
4381,a
4382,team
4383,of
4384,associates
4385,and
4386,a
4387,couple
4388,analysts
4389,on
4390,each
4391,client
4392,engagement.
4393,um
4394,but
4395,these
4396,are
4397,you
4398,the
4399,science
4400,based
4401,target
4402,process
4403,is
4404,usually
4405,part
4406,of
4407,a
4408,bigger
4409,scope
4410,of
4411,work
4412,that
4413,we
4414,have
4415,for
4416,a
4417,"client,"
4418,usually
4419,there's
4420,other
4421,things
4422,happening
4423,in
4424,parallel
4425,at
4426,the
4427,same
4428,time
4429,but
4430,that
4431,maybe
4432,other
4433,members
4434,of
4435,my
4436,company
4437,are
4438,working
4439,on.
4440,um
4441,"yeah,"
4442,so
4443,it's
4444,it's
4445,really
4446,not
4447,like
4448,one
4449,person
4450,going
4451,off
4452,and
4453,setting
4454,a
4455,target
4456,for
4457,someone
4458,is
4459,really
4460,a
4461,team
4462,thing.
4463,yeah.
4464,how
4465,do
4466,you
4467,guys
4468,collaborate?
4469,like
4470,and
4471,how
4472,"yeah,"
4473,i
4474,mean
4475,i
4476,think
4477,it's
4478,it's
4479,mostly
4480,about
4481,i
4482,mean
4483,it's
4484,just
4485,about
4486,communicating
4487,with
4488,each
4489,other
4490,and
4491,like
4492,i
4493,said
4494,okay
4495,you
4496,can
4497,use
4498,the
4499,science
4500,based
4501,targets
4502,tool
4503,tool
4504,to
4505,model
4506,out
4507,their
4508,potential
4509,scope
4510,one
4511,and
4512,two
4513,targets
4514,and
4515,you
4516,can
4517,use
4518,it
4519,to
4520,model
4521,their
4522,potential
4523,school
4524,three
4525,and
4526,then
4527,we
4528,kind
4529,of
4530,we
4531,usually
4532,bring
4533,them
4534,together
4535,in
4536,some
4537,form
4538,of
4539,presentation
4540,slides
4541,to
4542,show
4543,them
4544,okay
4545,these
4546,are
4547,your
4548,target
4549,options
4550,and
4551,will
4552,work
4553,collaboratively
4554,collaboratively
4555,in
4556,those
4557,slides
4558,usually
4559,power
4560,point.
4561,um
4562,i
4563,don't
4564,think
4565,there's
4566,any
4567,good
4568,i
4569,mean
4570,excel
4571,obviously
4572,we're
4573,using
4574,to
4575,do
4576,"something,"
4577,do
4578,the
4579,calculations
4580,um
4581,and
4582,then
4583,we'll
4584,maybe
4585,we'll
4586,write
4587,up
4588,a
4589,report
4590,and
4591,say
4592,okay
4593,these
4594,are
4595,your
4596,missions
4597,these
4598,your
4599,target
4600,"options,"
4601,that
4602,kind
4603,of
4604,thing.
4605,yeah.
4606,cool.
4607,so
4608,overall
4609,in
4610,like
4611,your
4612,work
4613,and
4614,your
4615,company
4616,um
4617,what
4618,are
4619,some
4620,of
4621,the
4622,bigger
4623,challenges
4624,that
4625,you
4626,face
4627,that
4628,you
4629,know
4630,that
4631,we
4632,could
4633,be
4634,helpful
4635,in
4636,with
4637,like
4638,software
4639,tools?
4640,so
4641,we
4642,have
4643,larger
4644,men
4645,were
4646,working
4647,on
4648,a
4649,lot
4650,of
4651,things
4652,and
4653,we're
4654,trying
4655,to
4656,work
4657,more
4658,specifically
4659,with
4660,um
4661,creating
4662,tools
4663,for
4664,consultants.
4665,um
4666,so
4667,what
4668,what
4669,do
4670,you
4671,see
4672,out
4673,there
4674,in
4675,the
4676,world
4677,challenges
4678,like
4679,not
4680,specific
4681,features
4682,that
4683,you
4684,need
4685,but
4686,just
4687,like
4688,i
4689,think
4690,the
4691,biggest
4692,challenge.
4693,and
4694,this
4695,is
4696,something
4697,we
4698,talked
4699,we
4700,just
4701,we
4702,touched
4703,on
4704,briefly
4705,is
4706,that
4707,data
4708,collection
4709,side
4710,of
4711,things
4712,for
4713,the
4714,client
4715,to
4716,to
4717,really
4718,if
4719,if
4720,a
4721,client
4722,doesn't
4723,have
4724,a
4725,centralized
4726,system
4727,where
4728,they're
4729,tracking
4730,all
4731,of
4732,these
4733,different
4734,information
4735,that
4736,we
4737,need?
4738,it's
4739,hard
4740,to
4741,build
4742,that
4743,uh
4744,for
4745,"each,"
4746,each
4747,individual
4748,client
4749,because
4750,every
4751,client
4752,system
4753,systems
4754,are
4755,kind
4756,of
4757,different.
4758,um
4759,i
4760,know
4761,there's
4762,progress
4763,made
4764,on
4765,this
4766,with
4767,the
4768,ability
4769,to
4770,connect
4771,to
4772,some
4773,systems
4774,with
4775,a
4776,p.i.s
4777,or
4778,other
4779,other
4780,things
4781,like
4782,that.
4783,i
4784,think
4785,just
4786,it's
4787,almost
4788,more
4789,like
4790,okay
4791,in
4792,educating
4793,educating
4794,the
4795,clients
4796,"that,"
4797,so
4798,this
4799,is
4800,to
4801,make
4802,them
4803,understand
4804,that
4805,this
4806,is
4807,information
4808,that
4809,needs
4810,to
4811,be
4812,tracked
4813,year
4814,over
4815,year
4816,or
4817,even
4818,like
4819,month
4820,to
4821,month
4822,and
4823,have
4824,that
4825,all
4826,in
4827,one
4828,central
4829,location.
4830,i
4831,think
4832,that's
4833,the
4834,biggest
4835,challenge
4836,that
4837,we
4838,deal
4839,with
4840,is
4841,really
4842,they
4843,sometimes
4844,they'll
4845,they'll
4846,"do,"
4847,they'll
4848,do
4849,an
4850,"inventory,"
4851,they'll
4852,get
4853,us
4854,all
4855,the
4856,data
4857,for
4858,one
4859,year
4860,and
4861,then
4862,they'll
4863,they'll
4864,maybe
4865,forget
4866,about
4867,it
4868,for
4869,a
4870,whole
4871,another
4872,year
4873,until
4874,they're
4875,ready
4876,to
4877,do
4878,it
4879,again.
4880,and
4881,that's
4882,really
4883,not
4884,the
4885,most
4886,efficient
4887,way
4888,to
4889,collect
4890,this
4891,data.
4892,it
4893,really
4894,should
4895,be
4896,an
4897,ongoing
4898,process.
4899,um
4900,that's
4901,the
4902,biggest
4903,challenge.
4904,i
4905,think
4906,another
4907,one
4908,is
4909,potentially
4910,the
4911,boundary
4912,setting.
4913,um
4914,"discussions,"
4915,clients
4916,really
4917,don't
4918,understand
4919,the
4920,difference
4921,between
4922,the
4923,different
4924,control
4925,approaches
4926,that
4927,the
4928,gsc
4929,protocol
4930,uses.
4931,so
4932,like
4933,operational
4934,control
4935,financial
4936,control
4937,equity
4938,share
4939,approach.
4940,they're
4941,also
4942,really
4943,concerned
4944,about
4945,the
4946,sec
4947,has
4948,proposed
4949,climate
4950,rule
4951,and
4952,what
4953,that
4954,means
4955,for
4956,setting
4957,their
4958,boundaries.
4959,i
4960,think
4961,in
4962,the
4963,climate
4964,rule
4965,it
4966,might
4967,"have,"
4968,we'll
4969,see
4970,when
4971,it
4972,finally
4973,comes
4974,when
4975,the
4976,final
4977,version
4978,comes
4979,"out,"
4980,but
4981,are
4982,they
4983,going
4984,to
4985,need
4986,to
4987,align
4988,their
4989,greenhouse
4990,gas
4991,emission
4992,boundaries
4993,with
4994,their
4995,financial
4996,reporting
4997,boundaries
4998,like
4999,they
5000,have
5001,in
5002,their
5003,in
5004,their
5005,10-k.s.
5006,um
5007,so
5008,that's
5009,that's
5010,another
5011,one.
5012,so
5013,data
5014,collection
5015,and
5016,the
5017,boundary
5018,setting.
5019,our
5020,two
5021,big
5022,ones
5023,i
5024,think.
5025,do
5026,you
5027,provide
5028,any
5029,sort
5030,of
5031,templates
5032,or
5033,any
5034,spreadsheets
5035,that
5036,they
5037,can
5038,get
5039,started
5040,on?
5041,like
5042,when?
5043,"yeah,"
5044,we
5045,usually
5046,we'll
5047,send
5048,them
5049,a
5050,data
5051,collection
5052,spreadsheet
5053,after
5054,we
5055,if
5056,we
5057,if
5058,we
5059,know
5060,okay
5061,there's
5062,this
5063,many
5064,locations
5065,and
5066,they
5067,all
5068,"use,"
5069,we
5070,won't
5071,understand.
5072,"okay,"
5073,do
5074,they
5075,use
5076,electricity?
5077,do
5078,they
5079,use
5080,natural
5081,gas
5082,will
5083,send
5084,kind
5085,of
5086,a
5087,either
5088,a
5089,excel
5090,template
5091,or
5092,that
5093,they
5094,can
5095,fill
5096,out
5097,and
5098,then
5099,return
5100,to
5101,us.
5102,which
5103,is
5104,great
5105,when
5106,they
5107,do
5108,a
5109,lot
5110,of
5111,times
5112,they
5113,don't
5114,do
5115,"that,"
5116,they
5117,just
5118,send
5119,back
5120,the
5121,bills
5122,and
5123,they
5124,make
5125,us
5126,pull
5127,out
5128,the
5129,information.
5130,um
5131,or
5132,we've
5133,been
5134,starting
5135,to
5136,move
5137,to
5138,like
5139,surveys
5140,where
5141,we
5142,"say,"
5143,"okay,"
5144,if
5145,we
5146,have
5147,a
5148,"contact,"
5149,we'll
5150,build
5151,a
5152,survey
5153,for
5154,them
5155,to
5156,input
5157,the
5158,information
5159,into
5160,a
5161,survey.
5162,and
5163,then
5164,we
5165,that's
5166,if
5167,everyone
5168,fills
5169,out
5170,the
5171,"survey,"
5172,it's
5173,a
5174,little
5175,more
5176,straightforward
5177,because
5178,then
5179,we
5180,can
5181,export
5182,survey
5183,um
5184,data
5185,and
5186,it's
5187,easier
5188,to
5189,work
5190,with.
5191,but
5192,"yeah,"
5193,it's
5194,still
5195,it's
5196,still
5197,about
5198,kind
5199,of
5200,it's
5201,still
5202,a
5203,fairly
5204,manual
5205,process
5206,like
5207,"okay,"
5208,understanding
5209,these
5210,are
5211,the
5212,correct
5213,contacts
5214,at
5215,each
5216,site
5217,to
5218,send
5219,it
5220,out
5221,to
5222,getting
5223,the
5224,"data,"
5225,putting
5226,it
5227,all
5228,"together,"
5229,that
5230,kind
5231,of
5232,thing.
5233,yeah.
5234,and
5235,do
5236,"they,"
5237,let's
5238,say
5239,somebody
5240,has
5241,1000
5242,locations
5243,all
5244,over
5245,the
5246,"world,"
5247,they
5248,really
5249,have
5250,access
5251,to
5252,these
5253,factories
5254,if
5255,they
5256,want
5257,to
5258,do
5259,a
5260,full.
5261,so
5262,it
5263,depends
5264,on
5265,the
5266,company.
5267,the
5268,really
5269,mature
5270,companies
5271,"will,"
5272,will
5273,have
5274,some
5275,kind
5276,"of,"
5277,especially
5278,if
5279,they're
5280,pushing
5281,1000
5282,locations
5283,that
5284,they
5285,own.
5286,um
5287,they
5288,more
5289,mature
5290,companies
5291,are
5292,"using,"
5293,like
5294,i
5295,"said,"
5296,like
5297,i
5298,hinted
5299,at
5300,a
5301,bill
5302,pay
5303,"service,"
5304,energy
5305,does
5306,a
5307,bill
5308,pay
5309,service
5310,or
5311,they'll
5312,have
5313,a
5314,central
5315,tracking
5316,system
5317,where
5318,maybe
5319,not
5320,all
5321,of
5322,their
5323,stores
5324,are
5325,on
5326,"it,"
5327,but
5328,some
5329,of
5330,their
5331,stores
5332,are
5333,on
5334,it
5335,and
5336,so
5337,we
5338,can
5339,take
5340,that
5341,data
5342,and
5343,that's
5344,it's
5345,great
5346,when
5347,they
5348,have
5349,it.
5350,um
5351,sometimes
5352,they'll
5353,have
5354,access
5355,a
5356,lot
5357,of
5358,the
5359,"times,"
5360,especially
5361,in
5362,the
5363,least
5364,locations
5365,they
5366,don't
5367,have
5368,access
5369,to
5370,the
5371,bills
5372,because
5373,they
5374,don't
5375,get
5376,billed
5377,directly.
5378,they're
5379,paying
5380,the
5381,landlord
5382,back
5383,for
5384,utilities.
5385,and
5386,those
5387,cases
5388,we
5389,either
5390,can
5391,ask
5392,the
5393,landlord
5394,for
5395,full
5396,building
5397,data
5398,and
5399,pro
5400,rated
5401,by
5402,square
5403,footage
5404,that
5405,they
5406,that
5407,they're
5408,occupying
5409,the
5410,building
5411,or
5412,if
5413,there's
5414,no
5415,data
5416,"available,"
5417,which
5418,is
5419,often
5420,the
5421,case
5422,with
5423,"some,"
5424,we
5425,use
5426,estimates
5427,for
5428,for
5429,some
5430,locations
5431,where
5432,they
5433,don't
5434,have
5435,data.
5436,um
5437,"it's,"
5438,it's
5439,all
5440,this
5441,is
5442,that's
5443,"the,"
5444,that's
5445,the
5446,tedious
5447,part
5448,really
5449,is
5450,"figuring,"
5451,okay
5452,which
5453,locations
5454,are
5455,we
5456,going
5457,to
5458,get
5459,data
5460,for?
5461,which
5462,locations
5463,do
5464,we
5465,need
5466,to
5467,estimate
5468,which
5469,locations
5470,do
5471,we
5472,have
5473,like
5474,maybe
5475,full
5476,building
5477,"data,"
5478,but
5479,not
5480,just
5481,their
5482,space.
5483,"um,"
5484,so
5485,that's
5486,that's
5487,a
5488,big
5489,tricky
5490,challenge
5491,that
5492,we
5493,deal
5494,with.
5495,yeah.
5496,how
5497,do
5498,you
5499,communicate
5500,the
5501,accuracy
5502,of
5503,those
5504,estimates?
5505,yeah.
5506,so
5507,"it's,"
5508,i
5509,think
5510,it's
5511,like
5512,we
5513,will
5514,"use,"
5515,it
5516,depends
5517,on
5518,how
5519,much
5520,data
5521,we've
5522,actually
5523,received
5524,from
5525,the
5526,client.
5527,in
5528,some
5529,"cases,"
5530,we've
5531,gotten
5532,enough
5533,data
5534,that
5535,we
5536,can
5537,make.
5538,um
5539,we
5540,can
5541,come
5542,up
5543,with
5544,estimation
5545,factors
5546,based
5547,"on,"
5548,"okay,"
5549,they
5550,have
5551,this
5552,many
5553,sites
5554,in
5555,a
5556,particular
5557,region.
5558,we
5559,can
5560,estimate
5561,per
5562,square
5563,footage
5564,based
5565,on
5566,"okay,"
5567,they're
5568,they're
5569,typical
5570,site
5571,usage
5572,that's
5573,a
5574,little
5575,more
5576,accurate
5577,than
5578,if
5579,we
5580,have
5581,to
5582,go
5583,down
5584,to
5585,use
5586,use
5587,something
5588,like
5589,setbacks
5590,factors
5591,which
5592,"is,"
5593,which
5594,are
5595,more
5596,national
5597,average.
5598,those
5599,are
5600,just
5601,average
5602,factors
5603,um
5604,based
5605,on
5606,like
5607,the
5608,building
5609,type.
5610,"um,"
5611,i
5612,think
5613,communicating
5614,uncertainty
5615,is
5616,something
5617,that
5618,corporate
5619,greenhouse
5620,gas
5621,inventories
5622,definitely
5623,struggle
5624,with
5625,"when,"
5626,when
5627,i
5628,was
5629,working
5630,in
5631,my
5632,graduate
5633,program
5634,and
5635,on
5636,national
5637,inventory
5638,kind
5639,of
5640,"stuff,"
5641,uncertainty
5642,analysis
5643,is
5644,a
5645,big
5646,part
5647,of
5648,it
5649,and
5650,will
5651,do
5652,kind
5653,of
5654,like
5655,monte
5656,carlo
5657,simulations
5658,to
5659,understand
5660,because
5661,i
5662,think
5663,"people,"
5664,people
5665,misunderstand
5666,that
5667,these
5668,"are,"
5669,these
5670,are
5671,estimates.
5672,these
5673,are
5674,not
5675,tailpipe
5676,measurements
5677,of
5678,"emissions,"
5679,right?
5680,there's
5681,an
5682,inherent
5683,uncertainty
5684,and
5685,the
5686,emissions
5687,factors
5688,that
5689,are
5690,being
5691,used
5692,in
5693,the
5694,activity
5695,data
5696,that's
5697,being
5698,used.
5699,"so,"
5700,but
5701,i
5702,think
5703,the
5704,corporate
5705,world
5706,isn't
5707,ready
5708,for
5709,that.
5710,right?
5711,i
5712,think
5713,corporations
5714,"really,"
5715,they
5716,want
5717,one
5718,number
5719,to
5720,report.
5721,right?
5722,they
5723,don't
5724,want
5725,to
5726,"say,"
5727,oh
5728,there's
5729,a
5730,90%
5731,chance
5732,our
5733,emissions
5734,fall
5735,within
5736,this
5737,range.
5738,they
5739,don't
5740,want
5741,to
5742,say
5743,that
5744,they
5745,want
5746,one
5747,number
5748,and
5749,say
5750,this
5751,is
5752,our
5753,this
5754,is
5755,our
5756,emissions
5757,and
5758,this
5759,is
5760,our
5761,target.
5762,um
5763,so
5764,we
5765,don't
5766,really
5767,we
5768,do
5769,communicate
5770,that
5771,okay.
5772,the
5773,data
5774,quality
5775,could
5776,be
5777,improved
5778,if
5779,we
5780,improve
5781,data
5782,collection
5783,efforts
5784,at
5785,these
5786,locations.
5787,but
5788,we
5789,don't
5790,try
5791,to
5792,"include,"
5793,we
5794,don't
5795,try
5796,to
5797,give
5798,it
5799,a
5800,score
5801,in
5802,terms
5803,of
5804,data
5805,in
5806,terms
5807,of
5808,accuracy.
5809,i
5810,don't
5811,"think,"
5812,i
5813,think
5814,a
5815,lot
5816,of
5817,corporations
5818,are
5819,not
5820,ready
5821,to
5822,hear
5823,that.
5824,even
5825,even
5826,the
5827,sites
5828,where
5829,we
5830,did
5831,get
5832,actual
5833,electricity
5834,usage
5835,information.
5836,that's
5837,an
5838,estimate
5839,and
5840,there's
5841,an
5842,uncertainty
5843,range
5844,around
5845,that
5846,as
5847,well.
5848,so
5849,um
5850,yeah
5851,it's
5852,we
5853,will
5854,we
5855,will
5856,tell
5857,companies
5858,that
5859,okay
5860,this
5861,is
5862,your
5863,percentage
5864,of
5865,locations
5866,that
5867,provided
5868,actuals
5869,and
5870,um
5871,these
5872,are
5873,the
5874,maybe
5875,we'll
5876,identify
5877,oh
5878,these
5879,are
5880,some
5881,some
5882,of
5883,your
5884,biggest
5885,using
5886,sites
5887,that
5888,we
5889,like.
5890,some
5891,of
5892,your
5893,biggest
5894,sites
5895,that
5896,we
5897,should
5898,focus
5899,data
5900,collection
5901,efforts
5902,on.
5903,maybe
5904,you
5905,don't
5906,worry
5907,about
5908,the
5909,one
5910,person
5911,office
5912,right
5913,somewhere.
5914,maybe
5915,you
5916,focus
5917,on
5918,the
5919,larger
5920,locations
5921,because
5922,those
5923,are
5924,gonna
5925,be
5926,more
5927,material
5928,but
5929,it's
5930,really
5931,that's
5932,really
5933,about
5934,that
5935,varies
5936,company
5937,the
5938,company
5939,depending
5940,on
5941,how
5942,their
5943,data
5944,quality
5945,is.
5946,yeah.
5947,do
5948,you
5949,ever
5950,in
5951,your
5952,company
5953,use
5954,a
5955,p.i.s.
5956,for
5957,like
5958,utility
5959,providers
5960,or
5961,anything
5962,sometimes.
5963,yeah.
5964,yeah.
5965,that's
5966,that's
5967,nice
5968,when
5969,when
5970,they
5971,have
5972,those
5973,but
5974,that's
5975,often
5976,times
5977,it
5978,takes
5979,a
5980,lot
5981,of
5982,time
5983,to
5984,set
5985,up.
5986,um
5987,usually
5988,that's
5989,most
5990,common
5991,when
5992,they're
5993,using
5994,an
5995,online
5996,calculation
5997,tool
5998,like
5999,a
6000,que
6001,vio
6002,for
6003,example
6004,um
6005,has
6006,a
6007,pretty
6008,good
6009,connecting.
6010,there's
6011,a
6012,couple
6013,other
6014,services
6015,um
6016,that
6017,will
6018,allow
6019,you
6020,provide
6021,login
6022,details
6023,like
6024,measurable
6025,pride
6026,login
6027,details
6028,to
6029,the
6030,utility
6031,"site,"
6032,connect
6033,the
6034,meters
6035,and
6036,then
6037,it
6038,will
6039,automatically
6040,import
6041,it.
6042,and
6043,that's
6044,great.
6045,so
6046,yeah
6047,we
6048,do
6049,use
6050,that
6051,when
6052,it's
6053,available.
6054,um
6055,what
6056,other
6057,integrations
6058,um
6059,would
6060,be
6061,valuable
6062,for
6063,both
6064,customers
6065,and
6066,yourself
6067,like
6068,what
6069,are
6070,some
6071,of
6072,the
6073,common
6074,tools
6075,like
6076,you
6077,know
6078,if
6079,you
6080,were
6081,an
6082,accountant
6083,you
6084,would
6085,say
6086,you
6087,are
6088,an
6089,accountant
6090,but
6091,quickbooks
6092,um
6093,for
6094,like
6095,employee
6096,data
6097,right?
6098,like
6099,what
6100,is
6101,that
6102,now?
6103,i
6104,think
6105,looking
6106,towards
6107,the
6108,scope
6109,three
6110,stuff
6111,and
6112,thinking
6113,about
6114,integrations
6115,with
6116,different
6117,one
6118,for
6119,like
6120,for
6121,business
6122,travel
6123,for
6124,example
6125,things
6126,that
6127,can
6128,occur
6129,in
6130,a
6131,mex
6132,they
6133,can
6134,do
6135,they
6136,can
6137,provide
6138,reports
6139,that
6140,provide
6141,all
6142,the
6143,necessary
6144,data
6145,to
6146,do
6147,these
6148,emissions
6149,calculations
6150,and
6151,then
6152,thinking
6153,about
6154,to
6155,spend
6156,data.
6157,thinking
6158,about
6159,supply
6160,chain
6161,things
6162,like
6163,i
6164,know
6165,s.a.p.
6166,is
6167,working
6168,on
6169,their
6170,own
6171,climate
6172,solution
6173,but
6174,even
6175,just
6176,connecting
6177,to
6178,s.a.p.
6179,um
6180,would
6181,probably
6182,be
6183,helpful
6184,and
6185,then
6186,companies
6187,always
6188,have
6189,their
6190,internal
6191,systems
6192,that
6193,they're
6194,using
6195,to
6196,track
6197,like
6198,logistics
6199,and
6200,so
6201,whatever
6202,whatever
6203,kind
6204,of
6205,logistics
6206,platforms
6207,they're
6208,using
6209,i
6210,think
6211,would
6212,be
6213,good
6214,from
6215,a
6216,scope
6217,three
6218,perspective.
6219,um
6220,and
6221,then
6222,internally
6223,um
6224,yeah
6225,whatever
6226,accounting
6227,software
6228,they're
6229,using.
6230,um
6231,maybe
6232,it's
6233,asap
6234,maybe
6235,it's
6236,something
6237,else
6238,usually
6239,for
6240,when
6241,we're
6242,talking
6243,about
6244,scope
6245,three
6246,like
6247,for
6248,purchase
6249,goods
6250,and
6251,services
6252,were
6253,starting
6254,to
6255,spend
6256,data
6257,and
6258,that's
6259,like
6260,important
6261,to
6262,pull
6263,out.
6264,i
6265,think
6266,often
6267,times
6268,that
6269,really
6270,requires
6271,a
6272,calm
6273,conversation
6274,with
6275,the
6276,accounting
6277,department
6278,because
6279,they
6280,don't
6281,really
6282,understand
6283,what
6284,we're
6285,asking
6286,for
6287,at
6288,first
6289,um
6290,when
6291,we're
6292,trying
6293,to
6294,look
6295,at
6296,all
6297,the
6298,spend
6299,data
6300,and
6301,so
6302,we
6303,have
6304,to
6305,really
6306,explain
6307,this
6308,is
6309,why
6310,we're
6311,doing
6312,it.
6313,this
6314,is
6315,what
6316,we
6317,need.
6318,this
6319,is
6320,like
6321,what
6322,level
6323,we
6324,need
6325,it
6326,broken
6327,down
6328,to
6329,like
6330,we
6331,don't
6332,need
6333,every
6334,single
6335,transaction.
6336,we
6337,need
6338,kind
6339,of
6340,like
6341,broad
6342,categories
6343,and
6344,and
6345,like
6346,the
6347,names
6348,of
6349,the
6350,customers
6351,or
6352,suppliers.
6353,um
6354,so
6355,those
6356,kind
6357,of
6358,things.
6359,would
6360,you
6361,find
6362,that
6363,do
6364,you
6365,think
6366,that
6367,customers
6368,would
6369,be
6370,more
6371,susceptible
6372,to?
6373,i
6374,don't
6375,"know,"
6376,logging
6377,into
6378,a
6379,platform
6380,and
6381,doing
6382,that
6383,kind
6384,of
6385,matching
6386,or
6387,letting
6388,you
6389,have
6390,all
6391,of
6392,the
6393,data
6394,and
6395,figuring.
6396,yeah
6397,the
6398,matching
6399,the
6400,matching
6401,of
6402,the
6403,spend
6404,data
6405,is
6406,is
6407,like
6408,more
6409,of
6410,an
6411,art.
6412,it's
6413,like
6414,an
6415,art
6416,rather
6417,than
6418,a
6419,science
6420,to
6421,where
6422,to
6423,match
6424,the
6425,spend
6426,data
6427,to
6428,what
6429,we
6430,have
6431,emissions
6432,factors
6433,for.
6434,um
6435,because
6436,the
6437,client
6438,probably
6439,doesn't
6440,want
6441,to
6442,do
6443,that
6444,themselves.
6445,they'll
6446,they'll
6447,probably
6448,turn
6449,to
6450,us
6451,and
6452,say
6453,okay
6454,what
6455,spend
6456,category
6457,like
6458,what
6459,category
6460,this
6461,is
6462,how
6463,much
6464,we
6465,spent
6466,on
6467,this
6468,item
6469,and
6470,if
6471,there's
6472,not
6473,a
6474,direct
6475,match
6476,that's
6477,like
6478,really
6479,clear
6480,to
6481,"see,"
6482,they'll
6483,they'll
6484,turn
6485,to
6486,us
6487,and
6488,be
6489,"like,"
6490,how
6491,do
6492,we
6493,quantify
6494,this
6495,in
6496,terms
6497,of
6498,emissions?
6499,um
6500,that's
6501,a
6502,common
6503,question
6504,that
6505,we
6506,get
6507,which
6508,departments
6509,are
6510,typically
6511,like
6512,dealing
6513,with
6514,your
6515,overall
6516,our
6517,main
6518,contacts
6519,"really,"
6520,it's
6521,a
6522,range.
6523,so
6524,some
6525,companies
6526,have
6527,like
6528,a
6529,sustainability
6530,team
6531,who
6532,are
6533,working
6534,with
6535,um
6536,other
6537,times
6538,"it's,"
6539,it's
6540,been
6541,commonly
6542,like
6543,pushed
6544,onto
6545,like
6546,the
6547,investor
6548,relations
6549,side
6550,of
6551,things
6552,like
6553,"say,"
6554,"okay,"
6555,the
6556,investors
6557,are
6558,asking
6559,for
6560,the
6561,emissions
6562,"data,"
6563,you
6564,deal
6565,with
6566,it.
6567,and
6568,so
6569,that's
6570,a
6571,little
6572,more
6573,difficult
6574,because
6575,they
6576,don't
6577,have
6578,any
6579,experience
6580,with
6581,what
6582,we're
6583,doing
6584,and
6585,what
6586,the
6587,calculations
6588,really
6589,entail.
6590,um
6591,sometimes
6592,also
6593,"facilities,"
6594,facilities
6595,is
6596,"a,"
6597,is
6598,a
6599,source
6600,for
6601,data
6602,and
6603,then
6604,accounting
6605,as
6606,"well,"
6607,accounting
6608,is
6609,a
6610,big
6611,source
6612,for
6613,"data,"
6614,"so,"
6615,but
6616,ideally
6617,there's
6618,at
6619,"least,"
6620,and
6621,usually
6622,it's
6623,it's
6624,a
6625,small
6626,sustainability
6627,"department,"
6628,the
6629,some
6630,companies
6631,have
6632,like
6633,really
6634,big
6635,teams
6636,um
6637,but
6638,a
6639,lot
6640,of
6641,people
6642,who
6643,are
6644,just
6645,starting
6646,"out,"
6647,it's
6648,like
6649,one
6650,or
6651,two
6652,people
6653,um
6654,and
6655,that's
6656,some
6657,another
6658,recommendation
6659,that
6660,oftentimes
6661,comes
6662,out
6663,of
6664,the
6665,work
6666,we
6667,do
6668,with
6669,them
6670,is
6671,you
6672,need
6673,more
6674,internal
6675,resources
6676,to
6677,devote
6678,to
6679,this
6680,um
6681,which
6682,is
6683,sometimes
6684,a
6685,hard
6686,conversation
6687,to
6688,have
6689,because
6690,there's
6691,not
6692,really
6693,uh
6694,there's
6695,not
6696,really
6697,a
6698,desire
6699,to
6700,do
6701,"more,"
6702,but
6703,sometimes
6704,there
6705,is
6706,like
6707,sometimes
6708,there's
6709,a
6710,lot
6711,of
6712,internal
6713,support
6714,and
6715,they're
6716,"like,"
6717,"yeah,"
6718,we
6719,can
6720,hire
6721,a
6722,sustainability
6723,analyst
6724,for
6725,example.
6726,"yeah,"
6727,i
6728,think
6729,that's
6730,the
6731,path
6732,and
6733,like
6734,jobs
6735,in
6736,general
6737,consultants
6738,and
6739,then
6740,eventually
6741,integrated.
6742,yeah.
6743,and
6744,then
6745,and
6746,that's
6747,i
6748,think
6749,some
6750,kind
6751,of
6752,the
6753,path
6754,that
6755,we
6756,will
6757,put
6758,some
6759,of
6760,our
6761,clients
6762,on
6763,is
6764,okay
6765,the
6766,first
6767,year
6768,two
6769,we're
6770,doing
6771,the
6772,emissions
6773,calculations
6774,for
6775,"them,"
6776,but
6777,then
6778,our
6779,recommendations
6780,are
6781,really
6782,like
6783,okay
6784,if
6785,you
6786,if
6787,you
6788,build
6789,an
6790,internal
6791,system
6792,or
6793,you
6794,get
6795,onto
6796,an
6797,external
6798,"system,"
6799,like
6800,a
6801,like
6802,a
6803,any
6804,kind
6805,of
6806,carbon
6807,accounting
6808,platform
6809,then
6810,you
6811,could
6812,do
6813,"that,"
6814,you
6815,can
6816,do
6817,the
6818,calculations
6819,yourselves
6820,and
6821,we
6822,can
6823,step
6824,back
6825,and
6826,become
6827,maybe
6828,like
6829,a
6830,third
6831,party
6832,verifier
6833,or
6834,assurance
6835,"provider,"
6836,things
6837,like
6838,that.
6839,okay.
6840,um
6841,"yeah,"
6842,so
6843,we
6844,are
6845,at
6846,you
6847,know
6848,getting
6849,closer
6850,to
6851,the
6852,top
6853,of
6854,the
6855,"hour,"
6856,i
6857,don't
6858,wanna
6859,keep
6860,you
6861,the
6862,full
6863,"time,"
6864,everyone
6865,has
6866,to
6867,do
6868,but
6869,is
6870,there
6871,any
6872,"other,"
6873,you
6874,"know,"
6875,anything
6876,you
6877,want
6878,to
6879,share?
6880,um
6881,as
6882,we
6883,work
6884,"on,"
6885,we're
6886,working
6887,on
6888,a
6889,lot
6890,of
6891,things
6892,that
6893,you
6894,touched
6895,on
6896,but
6897,it
6898,would
6899,be
6900,helpful
6901,to
6902,just
6903,like
6904,get
6905,an
6906,overview
6907,understanding
6908,of
6909,like
6910,the
6911,things
6912,that
6913,you
6914,most
6915,need
6916,and
6917,yourself
6918,and
6919,in
6920,like
6921,the
6922,profession
6923,of
6924,carbon
6925,accounting
6926,in
6927,"general,"
6928,i
6929,think
6930,we
6931,touched
6932,on
6933,a
6934,lot
6935,of
6936,the
6937,things
6938,i
6939,think
6940,like
6941,i
6942,"mentioned,"
6943,the
6944,boundary
6945,setting
6946,and
6947,the
6948,and
6949,the
6950,data
6951,collection
6952,are
6953,probably
6954,the
6955,biggest
6956,challenge
6957,is
6958,something
6959,related
6960,to
6961,boundary
6962,"setting,"
6963,there
6964,is
6965,like
6966,occasionally
6967,like
6968,some
6969,like
6970,the
6971,g2
6972,protocol
6973,is
6974,great
6975,for
6976,most
6977,in
6978,most
6979,cases
6980,and
6981,there
6982,are
6983,in
6984,some
6985,cases
6986,where
6987,you
6988,wish
6989,it
6990,would
6991,be
6992,a
6993,little
6994,more
6995,explicit
6996,about
6997,its
6998,instructions
6999,because
7000,i
7001,think
7002,it
7003,was
7004,written
7005,in
7006,with
7007,with
7008,the
7009,goal
7010,of
7011,getting
7012,as
7013,many
7014,corporations
7015,to
7016,participate
7017,as
7018,possible
7019,and
7020,actually
7021,start
7022,accounting
7023,for
7024,their
7025,um
7026,carbon
7027,emissions.
7028,"however,"
7029,with
7030,a
7031,different
7032,kind
7033,of
7034,control
7035,approaches
7036,and
7037,some
7038,of
7039,the
7040,different
7041,subjective
7042,decisions
7043,that
7044,you
7045,can
7046,make
7047,as
7048,a
7049,company
7050,when
7051,you're
7052,using
7053,the
7054,protocol
7055,because
7056,there's
7057,a
7058,lot
7059,of
7060,should
7061,rather
7062,than
7063,charles
7064,and
7065,there's
7066,a
7067,lot
7068,of
7069,like
7070,different
7071,ways
7072,to
7073,do
7074,it.
7075,i
7076,don't
7077,think
7078,that
7079,a
7080,lot
7081,of
7082,the
7083,times
7084,the
7085,comparability
7086,of
7087,different
7088,um
7089,inventories
7090,isn't
7091,as
7092,like
7093,exact
7094,because
7095,some
7096,companies
7097,will
7098,put
7099,the
7100,natural
7101,gas
7102,"office,"
7103,the
7104,natural
7105,gas
7106,usage
7107,that
7108,they're
7109,using
7110,in
7111,their
7112,leased
7113,"offices,"
7114,some
7115,will
7116,put
7117,it
7118,in
7119,scope
7120,one
7121,because
7122,it's
7123,a
7124,fuel
7125,"combustion,"
7126,some
7127,will
7128,put
7129,it
7130,in
7131,scope
7132,to
7133,because
7134,they
7135,consider
7136,it
7137,purchased
7138,energy
7139,for
7140,example
7141,and
7142,"there's,"
7143,i've
7144,seen
7145,it
7146,done
7147,both
7148,ways.
7149,there's
7150,not
7151,really
7152,clear
7153,guidance
7154,from
7155,the
7156,g
7157,protocol
7158,on
7159,it.
7160,if
7161,you
7162,read
7163,it
7164,one
7165,way
7166,you
7167,can
7168,you
7169,can
7170,make
7171,an
7172,argument
7173,for
7174,both
7175,sides.
7176,so
7177,i
7178,think
7179,the
7180,comparability
7181,sometimes
7182,uh
7183,struggles.
7184,i
7185,know
7186,there's
7187,efforts
7188,like
7189,um
7190,there's
7191,something
7192,called
7193,the
7194,carbon
7195,call
7196,which
7197,i
7198,think
7199,is
7200,an
7201,is
7202,an
7203,effort
7204,with
7205,like
7206,microsoft
7207,and
7208,a
7209,few
7210,other
7211,big
7212,organizations
7213,that
7214,are
7215,trying
7216,to
7217,really
7218,standardize
7219,these
7220,carbon
7221,accounting
7222,principles
7223,and
7224,make
7225,with
7226,the
7227,goal
7228,of
7229,making
7230,emissions
7231,inventories
7232,comparable
7233,to
7234,one
7235,another.
7236,so
7237,i
7238,think
7239,that's
7240,something
7241,that
7242,"um,"
7243,would
7244,be
7245,useful
7246,and
7247,whether
7248,that
7249,takes
7250,the
7251,form
7252,of
7253,"um,"
7254,i
7255,don't
7256,"know,"
7257,maybe
7258,there's
7259,just
7260,industry
7261,alignment
7262,over
7263,time
7264,or
7265,if
7266,it's
7267,"education,"
7268,i'm
7269,not
7270,sure.
7271,but
7272,"yeah,"
7273,like
7274,accessible
7275,data
7276,visualization.
7277,"yeah,"
7278,we're
7279,"like,"
7280,"yeah,"
7281,just
7282,"okay,"
7283,this
7284,is
7285,how
7286,everyone
7287,else
7288,is
7289,doing
7290,it.
7291,"and,"
7292,and
7293,to
7294,some
7295,"degree,"
7296,cdp
7297,is
7298,good
7299,for
7300,that
7301,because
7302,you
7303,can
7304,look
7305,at
7306,companies
7307,cdp
7308,"responses,"
7309,but
7310,i
7311,don't
7312,think
7313,they're
7314,"like,"
7315,i
7316,wish
7317,that
7318,all
7319,the
7320,methodologies
7321,were
7322,were
7323,"open,"
7324,right?
7325,and
7326,i
7327,know
7328,that's
7329,something
7330,"that,"
7331,that
7332,you
7333,guys
7334,are
7335,working
7336,on
7337,two
7338,is
7339,like
7340,having
7341,"a,"
7342,having
7343,an
7344,open
7345,"methodology,"
7346,right?
7347,so
7348,that
7349,people
7350,can
7351,look
7352,at
7353,it
7354,and
7355,"say,"
7356,"okay,"
7357,this
7358,is
7359,how
7360,they're
7361,doing
7362,it.
7363,we
7364,can
7365,do
7366,it
7367,the
7368,same
7369,way.
7370,"um,"
7371,we
7372,have
7373,confidence
7374,that
7375,everyone
7376,that
7377,uses
7378,this
7379,methodology
7380,is
7381,doing
7382,it
7383,the
7384,same
7385,way
7386,and
7387,we
7388,can
7389,compare
7390,our
7391,results
7392,and
7393,it
7394,can
7395,be
7396,comparable
7397,year
7398,over
7399,"year,"
7400,right?
7401,so
7402,that
7403,doesn't
7404,change
7405,over
7406,time.
7407,"oh,"
7408,another
7409,another
7410,challenge
7411,might
7412,be
7413,that
7414,we
7415,deal
7416,with
7417,less
7418,frequently
7419,is
7420,baseline
7421,recalculations
7422,"for,"
7423,so
7424,for
7425,when
7426,a
7427,company
7428,maybe
7429,they
7430,acquire
7431,another
7432,company
7433,and
7434,they're
7435,"like,"
7436,"okay,"
7437,how
7438,does
7439,this
7440,affect
7441,our
7442,target?
7443,and
7444,that's
7445,usually
7446,a
7447,fairly
7448,like
7449,painstaking
7450,process
7451,of
7452,explaining
7453,to
7454,"them,"
7455,"okay,"
7456,how
7457,they
7458,can
7459,recalculate
7460,their
7461,baseline
7462,so
7463,that
7464,the
7465,target
7466,is
7467,not
7468,completely
7469,out
7470,of
7471,whack
7472,because
7473,they
7474,acquired
7475,someone
7476,or
7477,if
7478,they
7479,sold
7480,someone.
7481,so
7482,i
7483,don't
7484,know
7485,if
7486,if
7487,you
7488,guys
7489,have
7490,any
7491,capabilities
7492,for
7493,baseline
7494,recalculations
7495,"or,"
7496,or
7497,like
7498,the
7499,same
7500,as
7501,consolidation
7502,method.
7503,so
7504,"yeah,"
7505,kind
7506,of.
7507,so
7508,it's
7509,like
7510,if
7511,if
7512,a
7513,hypothetical
7514,company
7515,sets
7516,their
7517,baseline
7518,in
7519,2019
7520,for
7521,"example,"
7522,and
7523,then
7524,this
7525,past
7526,year
7527,they
7528,acquire
7529,like
7530,a
7531,company
7532,of
7533,similar
7534,"size,"
7535,their
7536,emissions
7537,all
7538,of
7539,a
7540,sudden
7541,you're
7542,gonna
7543,almost
7544,double
7545,and
7546,that
7547,looks
7548,like
7549,"they've,"
7550,if
7551,you
7552,just
7553,use
7554,the
7555,same
7556,baseline
7557,"year,"
7558,it
7559,looked
7560,like
7561,their
7562,emissions
7563,went
7564,like
7565,shot
7566,up.
7567,even
7568,though
7569,that's
7570,really
7571,not
7572,like
7573,organic
7574,emissions
7575,"growth,"
7576,those
7577,emissions
7578,were
7579,already
7580,occurring.
7581,they
7582,were
7583,just
7584,not
7585,occurring
7586,within
7587,the
7588,boundary.
7589,so
7590,we'll
7591,go
7592,through
7593,a
7594,process
7595,sometimes
7596,of
7597,recalculating
7598,that
7599,baseline
7600,saying
7601,"that,"
7602,"okay,"
7603,if
7604,you
7605,had
7606,acquired
7607,"that,"
7608,if
7609,you
7610,did
7611,contain
7612,those
7613,emissions
7614,in
7615,your
7616,boundary
7617,in
7618,"2019,"
7619,this
7620,is
7621,what
7622,your
7623,baseline
7624,would
7625,have
7626,been.
7627,so
7628,in
7629,reality
7630,you're
7631,emissions
7632,are
7633,"like,"
7634,maybe
7635,they're
7636,"flat,"
7637,but
7638,they
7639,didn't
7640,like
7641,they
7642,didn't
7643,like
7644,double
7645,over
7646,those
7647,last
7648,two
7649,years
7650,when
7651,in
7652,reality
7653,those
7654,emissions
7655,were
7656,already
7657,occurring
7658,just
7659,outside
7660,the
7661,boundary.
7662,"yeah,"
7663,i
7664,know
7665,we're
7666,working
7667,on
7668,that
7669,um
7670,something
7671,similar
7672,and
7673,i
7674,know
7675,that
7676,it's
7677,a
7678,heavier
7679,math
7680,lift
7681,than
7682,so
7683,"yeah,"
7684,that
7685,that
7686,i
7687,would
7688,"say,"
7689,"yeah,"
7690,that
7691,i'd
7692,be
7693,interested
7694,to
7695,see
7696,um
7697,once
7698,you
7699,guys
7700,have
7701,something
7702,ready
7703,to
7704,take
7705,a
7706,look
7707,at
7708,"for,"
7709,for
7710,that
7711,"perspective,"
7712,that's
7713,i
7714,think
7715,it's
7716,not
7717,super
7718,intuitive
7719,for
7720,clients
7721,to
7722,understand
7723,and
7724,the
7725,"math,"
7726,because
7727,you're
7728,at
7729,some
7730,point
7731,you're
7732,like
7733,back
7734,casting
7735,for
7736,this
7737,acquired
7738,"company,"
7739,it's
7740,a
7741,little
7742,more
7743,complicated.
7744,um
7745,so
7746,that
7747,would
7748,be
7749,a
7750,tool
7751,that
7752,i
7753,would
7754,definitely
7755,want
7756,to
7757,take
7758,a
7759,look
7760,at.
7761,"yeah,"
7762,awesome.
7763,"yeah,"
7764,i'll
7765,keep
7766,you
7767,in
7768,mind.
7769,we
7770,definitely
7771,want
7772,to
7773,start
7774,now
7775,that
7776,there
7777,are
7778,some
7779,"customers,"
7780,you
7781,know
7782,that
7783,we
7784,have
7785,a
7786,good
7787,"amount,"
7788,we
7789,want
7790,to
7791,start
7792,be
7793,able
7794,to
7795,co
7796,create
7797,with
7798,them.
7799,so
7800,um
7801,"yeah,"
7802,i'll
7803,make
7804,sure
7805,to
7806,share
7807,some
7808,of
7809,that
7810,work
7811,once
7812,it's
7813,ready.
7814,yeah.
7815,um
7816,"well,"
7817,thank
7818,you
7819,very
7820,much.
7821,this
7822,has
7823,been
7824,"super,"
7825,super
7826,helpful
7827,and
7828,"yeah,"
7829,we'll
7830,be
7831,in
7832,touch.
7833,great.
